Name,Fibered,Crossing Number,Bridge Index,Braid Index,Thurston-Bennequin Number,Determinant
3_1,Y,3,2,2,[-6][1],3
4_1,Y,4,2,3,[-3][-3],5
5_1,Y,5,2,2,[-10][3],5
5_2,N,5,2,3,[-8][1],7
6_1,N,6,2,4,[-5][-3],9
6_2,Y,6,2,3,[-7][-1],11
6_3,Y,6,2,3,[-4][-4],13
7_1,Y,7,2,2,[-14][5],7
7_2,N,7,2,4,[-10][1],11
7_3,N,7,2,3,[-12][3],13
7_4,N,7,2,4,[-10][1],15
7_5,N,7,2,3,[-12][3],17
7_6,Y,7,2,4,[-8][-1],19
7_7,Y,7,2,4,[-4][-5],21
8_1,N,8,2,5,[-7][-3],13
8_2,Y,8,2,3,[-11][1],17
8_3,N,8,2,5,[-5][-5],17
8_4,N,8,2,4,[-3][-7],19
8_5,Y,8,3,3,[-11][1],21
8_6,N,8,2,4,[-9][-1],23
8_7,Y,8,2,3,[-2][-8],23
8_8,N,8,2,4,[-4][-6],25
8_9,Y,8,2,3,[-5][-5],25
8_10,Y,8,3,3,[-2][-8],27
8_11,N,8,2,4,[-9][-1],27
8_12,Y,8,2,5,[-5][-5],29
8_13,N,8,2,4,[-4][-6],29
8_14,N,8,2,4,[-9][-1],31
8_15,N,8,3,4,[-13][3],33
8_16,Y,8,3,3,[-2][-8],35
8_17,Y,8,3,3,[-5][-5],37
8_18,Y,8,3,3,[-5][-5],45
8_19,Y,8,3,3,[-12][5],3
8_20,Y,8,3,3,[-2][-6],9
8_21,Y,8,3,3,[-9][1],15
9_1,Y,9,2,2,[-18][7],9
9_2,N,9,2,5,[-12][1],15
9_3,N,9,2,3,[-16][5],19
9_4,N,9,2,4,[-14][3],21
9_5,N,9,2,5,[-12][1],23
9_6,N,9,2,3,[-16][5],27
9_7,N,9,2,4,[-14][3],29
9_8,N,9,2,5,[-8][-3],31
9_9,N,9,2,3,[-16][5],31
9_10,N,9,2,4,[-14][3],33
9_11,Y,9,2,4,[1][-12],33
9_12,N,9,2,5,[-10][-1],35
9_13,N,9,2,4,[-14][3],37
9_14,N,9,2,5,[-4][-7],37
9_15,N,9,2,5,[-1][-10],39
9_16,N,9,3,3,[-16][5],39
9_17,Y,9,2,4,[-8][-3],39
9_18,N,9,2,4,[-14][3],41
9_19,N,9,2,5,[-6][-5],41
9_20,Y,9,2,4,[-12][1],41
9_21,N,9,2,5,[-1][-10],43
9_22,Y,9,3,4,[-8][-3],43
9_23,N,9,2,4,[-14][3],45
9_24,Y,9,3,4,[-6][-5],45
9_25,N,9,3,5,[-10][-1],47
9_26,Y,9,2,4,[-2][-9],47
9_27,Y,9,2,4,[-6][-5],49
9_28,Y,9,3,4,[-9][-2],51
9_29,Y,9,3,4,[-3][-8],51
9_30,Y,9,3,4,[-6][-5],53
9_31,Y,9,2,4,[-9][-2],55
9_32,Y,9,3,4,[-2][-9],59
9_33,Y,9,3,4,[-5][-6],61
9_34,Y,9,3,4,[-5][-6],69
9_35,N,9,3,5,[-12][1],27
9_36,Y,9,3,4,[1][-12],37
9_37,N,9,3,5,[-6][-5],45
9_38,N,9,3,4,[-14][3],57
9_39,N,9,3,5,[-1][-10],55
9_40,Y,9,3,4,[-9][-2],75
9_41,N,9,3,5,[-4][-7],49
9_42,Y,9,3,4,[-5][-3],7
9_43,Y,9,3,4,[-10][1],13
9_44,Y,9,3,4,[-6][-3],17
9_45,Y,9,3,4,[1][-10],23
9_46,N,9,3,4,[-1][-7],9
9_47,Y,9,3,4,[-7][-2],27
9_48,Y,9,3,4,[-1][-8],27
9_49,N,9,3,4,[-12][3],25
10_1,N,10,2,6,[-9][-3],17
10_2,Y,10,2,3,[-15][3],23
10_3,N,10,2,6,[-7][-5],25
10_4,N,10,2,5,[-5][-7],27
10_5,Y,10,2,3,[0][-12],33
10_6,N,10,2,4,[-13][1],37
10_7,N,10,2,5,[-11][-1],43
10_8,N,10,2,4,[-11][-1],29
10_9,Y,10,2,3,[-9][-3],39
10_10,N,10,2,5,[-4][-8],45
10_11,N,10,2,5,[-9][-3],43
10_12,N,10,2,4,[-2][-10],47
10_13,N,10,2,6,[-7][-5],53
10_14,N,10,2,4,[-13][1],57
10_15,N,10,2,4,[-4][-8],43
10_16,N,10,2,5,[-9][-3],47
10_17,Y,10,2,3,[-6][-6],41
10_18,N,10,2,5,[-9][-3],55
10_19,N,10,2,4,[-8][-4],51
10_20,N,10,2,5,[-11][-1],35
10_21,N,10,2,4,[-13][1],45
10_22,N,10,2,4,[-7][-5],49
10_23,N,10,2,4,[-2][-10],59
10_24,N,10,2,5,[-11][-1],55
10_25,N,10,2,4,[-13][1],65
10_26,N,10,2,4,[-7][-5],61
10_27,N,10,2,4,[-2][-10],71
10_28,N,10,2,5,[-4][-8],53
10_29,Y,10,2,5,[-9][-3],63
10_30,N,10,2,5,[-11][-1],67
10_31,N,10,2,5,[-6][-6],57
10_32,N,10,2,4,[-7][-5],69
10_33,N,10,2,5,[-6][-6],65
10_34,N,10,2,5,[-4][-8],37
10_35,N,10,2,6,[-5][-7],49
10_36,N,10,2,5,[-11][-1],51
10_37,N,10,2,5,[-6][-6],53
10_38,N,10,2,5,[-11][-1],59
10_39,N,10,2,4,[-13][1],61
10_40,N,10,2,4,[-2][-10],75
10_41,Y,10,2,5,[-9][-3],71
10_42,Y,10,2,5,[-6][-6],81
10_43,Y,10,2,5,[-6][-6],73
10_44,Y,10,2,5,[-9][-3],79
10_45,Y,10,2,5,[-6][-6],89
10_46,Y,10,3,3,[-15][3],31
10_47,Y,10,3,3,[0][-12],41
10_48,Y,10,3,3,[-6][-6],49
10_49,N,10,3,4,[-17][5],59
10_50,N,10,3,4,[-13][1],53
10_51,N,10,3,4,[-2][-10],67
10_52,N,10,3,4,[-8][-4],59
10_53,N,10,3,5,[-15][3],73
10_54,N,10,3,4,[-4][-8],47
10_55,N,10,3,5,[-15][3],61
10_56,N,10,3,4,[-13][1],65
10_57,N,10,3,4,[-2][-10],79
10_58,N,10,3,6,[-7][-5],65
10_59,Y,10,3,5,[-9][-3],75
10_60,Y,10,3,5,[-5][-7],85
10_61,N,10,3,4,[-11][-1],33
10_62,Y,10,3,3,[0][-12],45
10_63,N,10,3,5,[-15][3],57
10_64,Y,10,3,3,[-9][-3],51
10_65,N,10,3,4,[-2][-10],63
10_66,N,10,3,4,[-17][5],75
10_67,N,10,3,5,[-11][-1],63
10_68,N,10,3,5,[-4][-8],57
10_69,Y,10,3,5,[-2][-10],87
10_70,Y,10,3,5,[-3][-9],67
10_71,Y,10,3,5,[-6][-6],77
10_72,N,10,3,4,[-13][1],73
10_73,Y,10,3,5,[-2][-10],83
10_74,N,10,3,5,[-11][-1],63
10_75,Y,10,3,5,[-5][-7],81
10_76,N,10,3,4,[-13][1],57
10_77,N,10,3,4,[-2][-10],63
10_78,Y,10,3,5,[-13][1],69
10_79,Y,10,3,3,[-6][-6],61
10_80,N,10,3,4,[-17][5],71
10_81,Y,10,3,5,[-6][-6],85
10_82,Y,10,3,3,[-9][-3],63
10_83,N,10,3,4,[-2][-10],83
10_84,N,10,3,4,[-10][-2],87
10_85,Y,10,3,3,[0][-12],57
10_86,N,10,3,4,[-7][-5],85
10_87,N,10,3,4,[-7][-5],81
10_88,Y,10,3,5,[-6][-6],101
10_89,Y,10,3,5,[-2][-10],99
10_90,N,10,3,4,[-7][-5],77
10_91,Y,10,3,3,[-6][-6],73
10_92,N,10,3,4,[-13][1],89
10_93,N,10,3,4,[-4][-8],67
10_94,Y,10,3,3,[-9][-3],71
10_95,N,10,3,4,[-2][-10],91
10_96,Y,10,3,5,[-5][-7],93
10_97,N,10,3,5,[-11][-1],87
10_98,N,10,3,4,[-13][1],81
10_99,Y,10,3,3,[-6][-6],81
10_100,Y,10,3,3,[0][-12],65
10_101,N,10,3,5,[-15][3],85
10_102,N,10,3,4,[-5][-7],73
10_103,N,10,3,4,[-2][-10],75
10_104,Y,10,3,3,[-6][-6],77
10_105,Y,10,3,5,[-9][-3],91
10_106,Y,10,3,3,[-9][-3],75
10_107,Y,10,3,5,[-6][-6],93
10_108,N,10,3,4,[-8][-4],63
10_109,Y,10,3,3,[-6][-6],85
10_110,Y,10,3,5,[-9][-3],83
10_111,N,10,3,4,[-13][1],77
10_112,Y,10,3,3,[-3][-9],87
10_113,N,10,3,4,[-10][-2],111
10_114,N,10,3,4,[-5][-7],93
10_115,Y,10,3,5,[-6][-6],109
10_116,Y,10,3,3,[-3][-9],95
10_117,N,10,3,4,[-2][-10],103
10_118,Y,10,3,3,[-6][-6],97
10_119,N,10,3,4,[-5][-7],101
10_120,N,10,3,5,[-15][3],105
10_121,N,10,3,4,[-10][-2],115
10_122,N,10,3,4,[-5][-7],105
10_123,Y,10,3,3,[-6][-6],121
10_124,Y,10,3,3,[-15][7],1
10_125,Y,10,3,3,[-6][-4],11
10_126,Y,10,3,3,[0][-10],19
10_127,Y,10,3,3,[-13][3],29
10_128,N,10,3,4,[-14][5],11
10_129,N,10,3,4,[-6][-4],25
10_130,N,10,3,4,[-2][-8],17
10_131,N,10,3,4,[-11][1],31
10_132,Y,10,3,4,[-1][-8],5
10_133,Y,10,3,4,[-11][1],19
10_134,N,10,3,4,[-15][5],23
10_135,N,10,3,4,[-6][-4],37
10_136,Y,10,3,4,[-3][-6],15
10_137,Y,10,3,5,[-7][-3],25
10_138,Y,10,3,5,[-7][-3],35
10_139,Y,10,3,3,[-16][7],3
10_140,Y,10,3,4,[-8][-1],9
10_141,Y,10,3,3,[-7][-3],21
10_142,N,10,3,4,[-14][5],15
10_143,Y,10,3,3,[0][-10],27
10_144,N,10,3,4,[-9][-1],39
10_145,Y,10,3,4,[3][-12],3
10_146,N,10,3,4,[-4][-6],33
10_147,N,10,3,4,[-7][-3],27
10_148,Y,10,3,3,[0][-10],31
10_149,Y,10,3,3,[-13][3],41
10_150,Y,10,3,4,[-11][1],29
10_151,Y,10,3,4,[-2][-8],43
10_152,Y,10,3,3,[-17][7],11
10_153,Y,10,3,4,[-4][-6],1
10_154,Y,10,3,4,[-15][5],13
10_155,Y,10,3,3,[-3][-7],25
10_156,Y,10,3,4,[-2][-8],35
10_157,Y,10,3,3,[3][-13],49
10_158,Y,10,3,4,[-5][-5],45
10_159,Y,10,3,3,[-10][0],39
10_160,Y,10,3,4,[-10][1],21
10_161,Y,10,3,3,[-14][5],5
10_162,N,10,3,4,[-1][-9],35
10_163,Y,10,3,4,[-8][-2],51
10_164,N,10,3,4,[-4][-6],45
10_165,N,10,3,4,[1][-11],39
11a_1,N,11,3,5,[-10][-3],127
11a_2,N,11,3,5,[-14][1],137
11a_3,Y,11,3,4,[-3][-10],115
11a_4,N,11,3,5,[-5][-8],97
11a_5,Y,11,3,6,[-6][-7],125
11a_6,N,11,3,5,[-10][-3],135
11a_7,Y,11,3,4,[-3][-10],95
11a_8,N,11,3,5,[-5][-8],117
11a_9,Y,11,3,4,[-12][-1],65
11a_10,N,11,3,5,[-10][-3],107
11a_11,N,11,3,5,[-7][-6],113
11a_12,N,11,3,5,[-10][-3],103
11a_13,N,11,2,6,[-8][-5],61
11a_14,Y,11,3,4,[-7][-6],133
11a_15,Y,11,3,4,[-4][-9],107
11a_16,N,11,3,5,[-6][-7],105
11a_17,Y,11,3,6,[-10][-3],123
11a_18,N,11,3,5,[-11][-2],127
11a_19,Y,11,3,4,[-10][-3],155
11a_20,N,11,3,5,[-14][1],113
11a_21,N,11,3,6,[-12][-1],75
11a_22,Y,11,3,4,[-13][0],101
11a_23,N,11,3,5,[-11][-2],103
11a_24,Y,11,3,4,[-7][-6],157
11a_25,Y,11,3,4,[-10][-3],155
11a_26,Y,11,3,4,[-7][-6],157
11a_27,N,11,3,5,[-2][-11],143
11a_28,Y,11,3,4,[-6][-7],121
11a_29,N,11,3,5,[-4][-9],115
11a_30,N,11,3,5,[-7][-6],149
11a_31,N,11,3,5,[-14][1],125
11a_32,N,11,3,5,[-11][-2],139
11a_33,Y,11,3,4,[-4][-9],95
11a_34,Y,11,3,4,[-10][-3],119
11a_35,Y,11,3,4,[-7][-6],121
11a_36,N,11,3,5,[-6][-7],121
11a_37,N,11,3,5,[-8][-5],93
11a_38,N,11,3,5,[-6][-7],117
11a_39,N,11,3,5,[-8][-5],101
11a_40,Y,11,3,4,[-13][0],89
11a_41,N,11,3,5,[-11][-2],115
11a_42,Y,11,3,6,[-10][-3],107
11a_43,N,11,4,5,[-18][5],135
11a_44,Y,11,4,4,[-7][-6],117
11a_45,N,11,3,6,[-10][-3],87
11a_46,N,11,3,5,[-9][-4],87
11a_47,Y,11,4,4,[-7][-6],117
11a_48,N,11,3,5,[1][-14],113
11a_49,N,11,3,5,[-14][1],105
11a_50,N,11,3,6,[-12][-1],83
11a_51,Y,11,3,6,[-3][-10],115
11a_52,N,11,3,5,[-7][-6],137
11a_53,Y,11,3,4,[0][-13],97
11a_54,N,11,3,5,[-2][-11],139
11a_55,Y,11,3,4,[-4][-9],71
11a_56,N,11,3,5,[-6][-7],109
11a_57,Y,11,4,4,[-4][-9],99
11a_58,N,11,3,5,[-6][-7],81
11a_59,N,11,2,6,[-8][-5],43
11a_60,N,11,3,5,[-14][1],85
11a_61,N,11,3,6,[-12][-1],103
11a_62,Y,11,3,4,[3][-16],55
11a_63,N,11,3,5,[1][-14],93
11a_64,N,11,3,5,[1][-14],97
11a_65,N,11,2,6,[-1][-12],59
11a_66,Y,11,3,4,[-3][-10],119
11a_67,N,11,3,5,[-5][-8],125
11a_68,Y,11,3,4,[-9][-4],103
11a_69,N,11,3,5,[-7][-6],141
11a_70,N,11,3,5,[-10][-3],151
11a_71,Y,11,3,4,[-10][-3],159
11a_72,Y,11,3,4,[-7][-6],153
11a_73,Y,11,3,4,[-6][-7],177
11a_74,Y,11,3,4,[-12][-1],73
11a_75,N,11,2,5,[-10][-3],83
11a_76,Y,11,3,4,[-6][-7],145
11a_77,N,11,2,5,[-2][-11],131
11a_78,N,11,3,5,[-10][-3],123
11a_79,Y,11,3,4,[-3][-10],143
11a_80,Y,11,3,4,[-6][-7],137
11a_81,Y,11,3,4,[-9][-4],127
11a_82,Y,11,3,4,[-4][-9],95
11a_83,Y,11,3,4,[-13][0],113
11a_84,N,11,2,5,[-6][-7],101
11a_85,N,11,2,5,[-11][-2],107
11a_86,Y,11,3,4,[-9][-4],91
11a_87,N,11,3,5,[-7][-6],121
11a_88,Y,11,3,4,[-6][-7],101
11a_89,N,11,2,5,[-10][-3],119
11a_90,N,11,2,5,[-4][-9],87
11a_91,N,11,2,5,[-7][-6],129
11a_92,Y,11,3,4,[-3][-10],103
11a_93,N,11,2,5,[-5][-8],93
11a_94,N,11,3,4,[-18][5],107
11a_95,N,11,2,5,[-16][3],73
11a_96,Y,11,2,6,[-6][-7],121
11a_97,N,11,3,5,[-8][-5],71
11a_98,N,11,2,6,[-6][-7],77
11a_99,Y,11,3,4,[-9][-4],135
11a_100,N,11,3,5,[-14][1],141
11a_101,N,11,3,5,[-11][-2],167
11a_102,N,11,3,5,[-10][-3],99
11a_103,N,11,3,6,[-8][-5],81
11a_104,N,11,3,5,[-7][-6],125
11a_105,N,11,3,5,[-14][1],109
11a_106,Y,11,3,4,[-7][-6],93
11a_107,N,11,3,5,[-9][-4],111
11a_108,Y,11,3,4,[-4][-9],99
11a_109,Y,11,3,4,[-7][-6],117
11a_110,N,11,2,5,[-6][-7],97
11a_111,N,11,2,5,[-9][-4],103
11a_112,Y,11,3,4,[-6][-7],125
11a_113,Y,11,3,4,[0][-13],109
11a_114,N,11,3,5,[-11][-2],151
11a_115,N,11,3,5,[-8][-5],121
11a_116,N,11,3,5,[-14][1],137
11a_117,N,11,2,5,[-14][1],117
11a_118,N,11,3,5,[-10][-3],87
11a_119,N,11,2,6,[-8][-5],77
11a_120,N,11,2,5,[1][-14],109
11a_121,Y,11,2,6,[-3][-10],119
11a_122,N,11,3,5,[-2][-11],127
11a_123,N,11,3,5,[-16][3],117
11a_124,N,11,3,4,[-18][5],155
11a_125,Y,11,3,4,[-10][-3],175
11a_126,Y,11,3,4,[-7][-6],145
11a_127,Y,11,3,4,[-13][0],137
11a_128,Y,11,3,6,[-6][-7],129
11a_129,Y,11,3,4,[0][-13],113
11a_130,N,11,3,5,[-2][-11],123
11a_131,Y,11,3,4,[-3][-10],131
11a_132,N,11,3,5,[-10][-3],135
11a_133,N,11,3,6,[-12][-1],79
11a_134,N,11,3,5,[-11][-2],123
11a_135,N,11,3,5,[-7][-6],153
11a_136,N,11,3,5,[-2][-11],163
11a_137,N,11,3,5,[-4][-9],111
11a_138,N,11,3,5,[-7][-6],161
11a_139,Y,11,3,4,[-10][-3],99
11a_140,N,11,2,5,[-12][-1],65
11a_141,N,11,3,5,[-4][-9],103
11a_142,Y,11,3,4,[3][-16],59
11a_143,N,11,3,5,[1][-14],89
11a_144,N,11,2,5,[1][-14],73
11a_145,N,11,2,6,[-1][-12],83
11a_146,Y,11,3,4,[-3][-10],123
11a_147,Y,11,3,4,[-10][-3],151
11a_148,N,11,3,6,[-12][-1],115
11a_149,N,11,3,5,[-10][-3],127
11a_150,N,11,3,5,[1][-14],125
11a_151,Y,11,3,4,[-3][-10],127
11a_152,N,11,3,5,[-5][-8],117
11a_153,N,11,3,5,[-8][-5],89
11a_154,N,11,2,6,[-10][-3],67
11a_155,N,11,3,5,[-2][-11],171
11a_156,Y,11,3,4,[-3][-10],91
11a_157,Y,11,3,4,[-3][-10],135
11a_158,Y,11,3,4,[-4][-9],119
11a_159,Y,11,2,6,[-10][-3],111
11a_160,Y,11,3,4,[-7][-6],145
11a_161,N,11,3,5,[-1][-12],57
11a_162,Y,11,3,4,[-3][-10],167
11a_163,Y,11,3,4,[-9][-4],119
11a_164,Y,11,3,4,[-6][-7],169
11a_165,N,11,3,5,[-8][-5],81
11a_166,N,11,2,6,[-10][-3],59
11a_167,N,11,3,5,[-7][-6],113
11a_168,N,11,3,5,[-7][-6],125
11a_169,N,11,3,5,[-5][-8],121
11a_170,Y,11,3,4,[-7][-6],185
11a_171,Y,11,3,4,[-10][-3],183
11a_172,N,11,3,5,[-10][-3],139
11a_173,N,11,3,5,[-10][-3],135
11a_174,Y,11,2,4,[-4][-9],79
11a_175,Y,11,2,4,[-7][-6],105
11a_176,Y,11,2,4,[-10][-3],111
11a_177,Y,11,2,4,[-13][0],97
11a_178,N,11,2,5,[-11][-2],123
11a_179,Y,11,2,4,[-12][-1],57
11a_180,Y,11,2,4,[-6][-7],89
11a_181,N,11,3,5,[-10][-3],99
11a_182,Y,11,2,4,[0][-13],73
11a_183,N,11,2,5,[-2][-11],115
11a_184,Y,11,2,4,[-3][-10],87
11a_185,N,11,2,5,[-5][-8],109
11a_186,N,11,2,4,[-18][5],95
11a_187,N,11,3,5,[-6][-7],117
11a_188,N,11,2,5,[-8][-5],67
11a_189,Y,11,3,4,[-6][-7],149
11a_190,N,11,2,5,[-8][-5],85
11a_191,N,11,2,4,[-18][5],83
11a_192,N,11,2,5,[-16][3],97
11a_193,N,11,2,5,[-2][-11],95
11a_194,Y,11,3,4,[0][-13],93
11a_195,N,11,2,6,[-4][-9],53
11a_196,Y,11,3,4,[-3][-10],147
11a_197,N,11,3,5,[-11][-2],143
11a_198,N,11,3,5,[-9][-4],115
11a_199,N,11,3,5,[-4][-9],99
11a_200,N,11,3,5,[-16][3],85
11a_201,N,11,3,6,[-6][-7],81
11a_202,N,11,3,5,[-10][-3],111
11a_203,Y,11,2,4,[-16][3],63
11a_204,N,11,2,5,[-14][1],101
11a_205,N,11,2,5,[-4][-9],91
11a_206,Y,11,2,4,[3][-16],47
11a_207,N,11,2,5,[1][-14],85
11a_208,N,11,2,5,[1][-14],105
11a_209,Y,11,3,6,[-6][-7],141
11a_210,N,11,2,6,[-6][-7],73
11a_211,N,11,2,6,[-1][-12],67
11a_212,N,11,3,5,[-14][1],153
11a_213,N,11,3,5,[-14][1],145
11a_214,N,11,3,6,[-8][-5],69
11a_215,Y,11,3,4,[-13][0],133
11a_216,Y,11,3,4,[-10][-3],147
11a_217,Y,11,3,4,[-3][-10],139
11a_218,Y,11,3,6,[-3][-10],131
11a_219,N,11,3,6,[-1][-12],87
11a_220,N,11,2,5,[-14][1],85
11a_221,Y,11,3,4,[-3][-10],79
11a_222,N,11,3,5,[-5][-8],101
11a_223,Y,11,3,4,[-16][3],75
11a_224,N,11,2,5,[-14][1],89
11a_225,N,11,2,5,[-1][-12],53
11a_226,N,11,2,6,[-3][-10],71
11a_227,N,11,3,4,[-18][5],143
11a_228,Y,11,3,6,[-6][-7],133
11a_229,N,11,2,6,[-12][-1],71
11a_230,N,11,2,6,[-12][-1],51
11a_231,Y,11,4,4,[-4][-9],99
11a_232,Y,11,3,4,[-4][-9],123
11a_233,Y,11,3,4,[-7][-6],173
11a_234,N,11,2,3,[-20][7],37
11a_235,N,11,2,4,[-18][5],71
11a_236,N,11,2,4,[-18][5],99
11a_237,N,11,3,5,[-16][3],93
11a_238,N,11,2,5,[-16][3],65
11a_239,Y,11,3,4,[-10][-3],195
11a_240,N,11,3,3,[-20][7],61
11a_241,N,11,3,4,[-18][5],95
11a_242,N,11,2,4,[-18][5],47
11a_243,N,11,2,5,[-16][3],69
11a_244,N,11,3,4,[-18][5],147
11a_245,N,11,3,4,[-18][5],75
11a_246,N,11,2,5,[-16][3],41
11a_247,N,11,2,6,[-14][1],19
11a_248,Y,11,3,4,[-3][-10],159
11a_249,N,11,3,5,[-5][-8],117
11a_250,Y,11,3,4,[-12][-1],85
11a_251,Y,11,3,4,[-6][-7],133
11a_252,Y,11,3,4,[-9][-4],131
11a_253,Y,11,3,4,[-6][-7],133
11a_254,Y,11,3,4,[-9][-4],131
11a_255,Y,11,3,4,[-3][-10],143
11a_256,N,11,3,5,[-5][-8],133
11a_257,Y,11,3,4,[-6][-7],97
11a_258,N,11,3,5,[-8][-5],75
11a_259,Y,11,3,4,[-16][3],79
11a_260,N,11,3,5,[-14][1],69
11a_261,Y,11,3,4,[0][-13],129
11a_262,N,11,3,5,[-2][-11],107
11a_263,N,11,4,4,[-20][7],81
11a_264,Y,11,3,4,[-10][-3],135
11a_265,N,11,3,5,[-8][-5],109
11a_266,Y,11,3,4,[-6][-7],209
11a_267,Y,11,3,4,[-3][-10],191
11a_268,Y,11,3,4,[-9][-4],139
11a_269,Y,11,3,4,[-9][-4],151
11a_270,N,11,3,5,[-7][-6],137
11a_271,N,11,3,5,[-11][-2],171
11a_272,N,11,3,5,[-7][-6],149
11a_273,N,11,3,5,[-2][-11],159
11a_274,Y,11,3,4,[-6][-7],165
11a_275,N,11,3,5,[-14][1],129
11a_276,N,11,3,5,[-14][1],161
11a_277,Y,11,3,4,[-10][-3],135
11a_278,N,11,3,5,[-8][-5],141
11a_279,N,11,3,5,[-8][-5],91
11a_280,N,11,3,6,[-6][-7],105
11a_281,Y,11,3,4,[-9][-4],155
11a_282,Y,11,3,4,[-4][-9],127
11a_283,N,11,3,5,[-2][-11],147
11a_284,Y,11,3,4,[-10][-3],179
11a_285,N,11,3,5,[-6][-7],161
11a_286,Y,11,3,4,[-9][-4],147
11a_287,Y,11,3,4,[-6][-7],181
11a_288,Y,11,3,4,[-7][-6],205
11a_289,Y,11,3,4,[-7][-6],145
11a_290,N,11,3,5,[-5][-8],141
11a_291,N,11,3,4,[-18][5],99
11a_292,N,11,3,5,[-16][3],129
11a_293,Y,11,3,4,[-1][-12],81
11a_294,N,11,3,5,[-3][-10],123
11a_295,N,11,3,5,[1][-14],109
11a_296,N,11,3,6,[-1][-12],111
11a_297,N,11,3,5,[-3][-10],175
11a_298,N,11,3,4,[-18][5],131
11a_299,N,11,3,5,[-16][3],97
11a_300,Y,11,3,4,[-6][-7],153
11a_301,Y,11,3,4,[-3][-10],199
11a_302,Y,11,3,4,[0][-13],161
11a_303,N,11,3,5,[-8][-5],149
11a_304,N,11,3,5,[-14][1],117
11a_305,Y,11,3,4,[-4][-9],135
11a_306,Y,11,2,4,[0][-13],105
11a_307,N,11,2,5,[-2][-11],83
11a_308,Y,11,2,4,[-16][3],71
11a_309,N,11,2,5,[-14][1],93
11a_310,N,11,2,5,[-14][1],61
11a_311,N,11,2,6,[-12][-1],79
11a_312,N,11,3,5,[-2][-11],119
11a_313,N,11,3,6,[-4][-9],77
11a_314,Y,11,3,4,[-10][-3],171
11a_315,Y,11,3,4,[-7][-6],157
11a_316,Y,11,3,4,[-7][-6],121
11a_317,N,11,3,5,[-5][-8],125
11a_318,N,11,3,4,[-18][5],135
11a_319,N,11,3,4,[-18][5],119
11a_320,N,11,3,5,[-16][3],109
11a_321,N,11,3,5,[1][-14],121
11a_322,N,11,3,5,[-3][-10],151
11a_323,N,11,3,5,[-5][-8],83
11a_324,N,11,3,6,[-1][-12],99
11a_325,N,11,3,6,[-3][-10],95
11a_326,Y,11,3,4,[-7][-6],169
11a_327,N,11,3,5,[-11][-2],187
11a_328,N,11,3,5,[-14][1],149
11a_329,N,11,3,5,[-16][3],145
11a_330,Y,11,3,4,[-1][-12],89
11a_331,N,11,3,5,[-3][-10],115
11a_332,Y,11,3,4,[-7][-6],189
11a_333,N,11,2,6,[-4][-9],65
11a_334,N,11,2,3,[-20][7],49
11a_335,N,11,2,4,[-18][5],75
11a_336,N,11,2,4,[-18][5],59
11a_337,N,11,2,5,[-16][3],89
11a_338,N,11,3,3,[-20][7],69
11a_339,N,11,2,4,[-18][5],55
11a_340,N,11,3,4,[-18][5],87
11a_341,N,11,2,5,[-16][3],61
11a_342,N,11,2,5,[-16][3],29
11a_343,N,11,2,6,[-14][1],31
11a_344,N,11,3,5,[-14][1],129
11a_345,N,11,3,6,[-12][-1],91
11a_346,Y,11,3,4,[-12][-1],93
11a_347,N,11,3,5,[-10][-3],111
11a_348,Y,11,3,4,[-13][0],145
11a_349,N,11,3,5,[-11][-2],155
11a_350,Y,11,3,4,[-7][-6],185
11a_351,Y,11,3,4,[-7][-6],165
11a_352,N,11,3,5,[-9][-4],135
11a_353,N,11,3,4,[-18][5],123
11a_354,N,11,3,5,[-16][3],105
11a_355,N,11,2,3,[-20][7],45
11a_356,N,11,2,4,[-18][5],79
11a_357,N,11,2,4,[-18][5],91
11a_358,N,11,2,4,[-18][5],31
11a_359,N,11,2,5,[-16][3],53
11a_360,N,11,2,5,[-16][3],57
11a_361,N,11,3,5,[-16][3],69
11a_362,N,11,3,6,[-14][1],39
11a_363,N,11,2,6,[-14][1],35
11a_364,N,11,2,3,[-20][7],25
11a_365,N,11,2,4,[-18][5],51
11a_366,N,11,3,5,[-16][3],81
11a_367,Y,11,2,2,[-22][9],11
11n_1,Y,11,3,5,[1][-12],27
11n_2,N,11,3,5,[-12][1],57
11n_3,N,11,3,5,[-3][-8],43
11n_4,Y,11,3,4,[-7][-4],49
11n_5,Y,11,3,4,[-10][-1],71
11n_6,Y,11,3,5,[-3][-8],17
11n_7,Y,11,3,5,[-8][-3],67
11n_8,Y,11,3,4,[1][-12],53
11n_9,Y,11,3,4,[-14][3],5
11n_10,Y,11,3,4,[3][-14],65
11n_11,Y,11,3,4,[-10][-1],55
11n_12,Y,11,3,4,[-8][-2],13
11n_13,Y,11,3,4,[-14][3],15
11n_14,Y,11,3,4,[3][-14],45
11n_15,Y,11,3,4,[-10][-1],35
11n_16,N,11,3,5,[-12][1],37
11n_17,N,11,3,5,[1][-12],47
11n_18,N,11,3,5,[-8][-3],33
11n_19,Y,11,3,4,[-1][-8],5
11n_20,N,11,3,5,[-3][-7],23
11n_21,Y,11,3,4,[-7][-4],49
11n_22,Y,11,3,4,[-11][0],55
11n_23,Y,11,3,4,[-10][0],29
11n_24,Y,11,3,4,[-6][-4],23
11n_25,Y,11,3,4,[-10][-1],47
11n_26,Y,11,3,4,[-8][-3],41
11n_27,Y,11,3,4,[-13][3],19
11n_28,Y,11,3,5,[-8][-3],21
11n_29,N,11,3,5,[-10][-1],51
11n_30,N,11,3,5,[-12][1],33
11n_31,Y,11,3,5,[-12][1],3
11n_32,Y,11,3,5,[-6][-5],69
11n_33,Y,11,3,5,[-8][-3],51
11n_34,N,11,3,4,[-4][-7],1
11n_35,N,11,3,4,[-14][3],89
11n_36,Y,11,3,4,[-8][-3],67
11n_37,Y,11,3,4,[-3][-7],25
11n_38,Y,11,3,4,[-4][-5],3
11n_39,N,11,3,4,[-7][-4],25
11n_40,N,11,3,4,[-11][0],79
11n_41,Y,11,3,4,[-11][0],53
11n_42,N,11,3,4,[-4][-7],1
11n_43,N,11,3,4,[-14][3],89
11n_44,Y,11,3,4,[-8][-3],67
11n_45,N,11,3,4,[-7][-4],25
11n_46,N,11,3,4,[-11][0],79
11n_47,Y,11,3,4,[-11][0],53
11n_48,Y,11,3,4,[-3][-7],29
11n_49,Y,11,3,5,[-5][-5],1
11n_50,N,11,3,4,[-2][-8],25
11n_51,Y,11,3,4,[-8][-3],29
11n_52,Y,11,3,4,[-10][-1],59
11n_53,Y,11,3,4,[-4][-7],37
11n_54,Y,11,3,4,[-11][0],43
11n_55,Y,11,3,4,[-7][-4],61
11n_56,Y,11,3,4,[-7][-4],35
11n_57,Y,11,3,4,[-13][3],7
11n_58,Y,11,3,4,[-4][-7],35
11n_59,Y,11,3,4,[-14][3],53
11n_60,Y,11,3,4,[-8][-3],31
11n_61,Y,11,3,4,[-10][0],17
11n_62,N,11,3,5,[-6][-5],33
11n_63,N,11,3,5,[-12][1],39
11n_64,N,11,3,5,[-10][-1],21
11n_65,N,11,3,4,[-2][-8],33
11n_66,Y,11,3,4,[-9][-2],75
11n_67,N,11,3,5,[-8][-3],9
11n_68,N,11,3,5,[-10][-1],63
11n_69,N,11,3,5,[-12][1],45
11n_70,Y,11,3,4,[-9][-1],13
11n_71,N,11,4,4,[-11][0],63
11n_72,N,11,4,4,[-14][3],81
11n_73,N,11,4,4,[-7][-4],9
11n_74,Y,11,4,4,[-7][-4],9
11n_75,N,11,4,4,[0][-11],63
11n_76,Y,11,4,4,[0][-11],45
11n_77,Y,11,4,4,[-18][7],27
11n_78,Y,11,4,4,[-11][0],45
11n_79,N,11,3,5,[-7][-3],15
11n_80,Y,11,3,5,[-1][-10],15
11n_81,Y,11,4,4,[-13][3],27
11n_82,Y,11,3,4,[-6][-4],19
11n_83,N,11,3,5,[-5][-6],49
11n_84,N,11,3,4,[1][-11],35
11n_85,Y,11,3,4,[-7][-4],45
11n_86,Y,11,3,4,[-7][-3],33
11n_87,Y,11,3,4,[0][-11],51
11n_88,Y,11,3,4,[-13][3],11
11n_89,Y,11,3,4,[3][-14],61
11n_90,N,11,3,5,[-12][1],41
11n_91,Y,11,3,5,[1][-12],31
11n_92,Y,11,3,4,[-4][-6],15
11n_93,N,11,3,4,[-16][5],47
11n_94,Y,11,3,4,[-7][-4],57
11n_95,Y,11,3,4,[-12][3],33
11n_96,Y,11,3,4,[-6][-4],7
11n_97,N,11,3,5,[-5][-6],9
11n_98,Y,11,3,4,[-5][-6],69
11n_99,N,11,3,4,[1][-11],39
11n_100,N,11,3,5,[-7][-4],45
11n_101,N,11,3,5,[-3][-8],39
11n_102,Y,11,3,5,[-1][-9],3
11n_103,Y,11,3,4,[1][-12],65
11n_104,Y,11,3,4,[-13][3],3
11n_105,Y,11,3,4,[-14][3],69
11n_106,Y,11,3,4,[-4][-6],27
11n_107,Y,11,3,4,[-10][0],21
11n_108,Y,11,3,4,[3][-14],73
11n_109,Y,11,3,4,[3][-14],57
11n_110,Y,11,3,4,[-7][-3],41
11n_111,Y,11,3,4,[-9][-1],7
11n_112,Y,11,3,4,[-10][-1],55
11n_113,Y,11,3,5,[1][-12],35
11n_114,N,11,3,5,[-6][-5],53
11n_115,Y,11,3,5,[-5][-6],77
11n_116,Y,11,3,5,[-3][-7],1
11n_117,N,11,3,5,[-7][-3],35
11n_118,Y,11,3,4,[-12][3],21
11n_119,Y,11,3,4,[-4][-7],69
11n_120,Y,11,3,4,[-8][-3],47
11n_121,Y,11,3,4,[1][-12],45
11n_122,N,11,3,4,[1][-11],27
11n_123,N,11,3,5,[-4][-7],57
11n_124,Y,11,3,5,[-8][-3],59
11n_125,Y,11,3,4,[-10][-1],63
11n_126,N,11,3,4,[-15][5],27
11n_127,Y,11,3,4,[0][-11],55
11n_128,Y,11,3,4,[-7][-4],43
11n_129,Y,11,3,4,[-1][-10],43
11n_130,Y,11,3,4,[-4][-7],53
11n_131,Y,11,3,4,[-2][-9],67
11n_132,N,11,3,4,[-2][-8],25
11n_133,Y,11,3,4,[-10][0],25
11n_134,N,11,3,4,[1][-11],47
11n_135,Y,11,3,4,[-11][1],5
11n_136,N,11,3,4,[-16][5],63
11n_137,Y,11,3,4,[1][-12],57
11n_138,N,11,3,4,[-5][-5],15
11n_139,N,11,3,5,[-9][-1],9
11n_140,N,11,3,5,[-1][-10],51
11n_141,N,11,3,5,[-3][-7],21
11n_142,Y,11,3,5,[-3][-7],33
11n_143,Y,11,3,4,[-7][-3],9
11n_144,Y,11,3,4,[-14][3],65
11n_145,Y,11,3,4,[-6][-4],9
11n_146,Y,11,3,4,[-11][0],63
11n_147,Y,11,3,4,[-10][0],37
11n_148,Y,11,3,4,[-8][-3],75
11n_149,Y,11,3,4,[-11][0],33
11n_150,N,11,3,5,[-9][-2],75
11n_151,N,11,3,4,[-10][-1],23
11n_152,N,11,3,4,[-10][-1],23
11n_153,Y,11,3,4,[-5][-6],57
11n_154,Y,11,3,4,[-10][-1],79
11n_155,N,11,3,5,[-7][-4],51
11n_156,Y,11,3,4,[-7][-4],77
11n_157,Y,11,3,4,[-4][-7],65
11n_158,Y,11,3,4,[-11][0],45
11n_159,Y,11,3,4,[0][-11],71
11n_160,Y,11,3,4,[-10][-1],67
11n_161,N,11,3,5,[-9][-2],63
11n_162,N,11,3,5,[-12][1],55
11n_163,Y,11,3,4,[-9][-2],91
11n_164,Y,11,3,4,[-11][1],45
11n_165,Y,11,3,5,[-6][-5],85
11n_166,Y,11,3,4,[-8][-3],59
11n_167,Y,11,3,4,[-10][-1],63
11n_168,Y,11,3,5,[-8][-3],75
11n_169,N,11,3,4,[-16][5],35
11n_170,N,11,3,5,[-1][-10],63
11n_171,N,11,3,5,[-14][3],65
11n_172,Y,11,3,4,[-3][-8],49
11n_173,Y,11,3,4,[-10][0],45
11n_174,N,11,3,4,[-14][3],97
11n_175,N,11,3,5,[-12][1],65
11n_176,Y,11,3,4,[0][-11],63
11n_177,Y,11,3,4,[-8][-3],83
11n_178,N,11,3,4,[-11][0],95
11n_179,Y,11,3,4,[-6][-5],77
11n_180,N,11,3,4,[-16][5],55
11n_181,N,11,3,5,[-14][3],45
11n_182,Y,11,3,4,[-6][-5],93
11n_183,Y,11,3,4,[-15][5],21
11n_184,N,11,3,4,[-11][0],87
11n_185,N,11,3,4,[-14][3],105
12a_1,Y,12,3,5,[-8][-6],213
12a_2,Y,12,3,5,[-5][-9],171
12a_3,N,12,3,6,[-7][-7],169
12a_4,Y,12,3,5,[-7][-7],221
12a_5,N,12,3,6,[-3][-11],199
12a_6,Y,12,3,5,[-4][-10],203
12a_7,Y,12,3,5,[-11][-3],251
12a_8,Y,12,3,5,[-7][-7],181
12a_9,N,12,3,6,[-5][-9],119
12a_10,N,12,3,6,[-3][-11],207
12a_11,Y,12,3,5,[-14][0],165
12a_12,N,12,3,6,[-12][-2],167
12a_13,Y,12,3,5,[-8][-6],253
12a_14,Y,12,3,5,[-11][-3],251
12a_15,Y,12,3,5,[-8][-6],253
12a_16,Y,12,3,5,[-7][-7],201
12a_17,Y,12,3,5,[-4][-10],223
12a_18,Y,12,3,5,[-5][-9],151
12a_19,Y,12,3,5,[-11][-3],191
12a_20,Y,12,3,5,[-8][-6],193
12a_21,N,12,3,5,[1][-15],197
12a_22,N,12,3,6,[-9][-5],149
12a_23,N,12,3,6,[-7][-7],189
12a_24,Y,12,3,5,[-1][-13],161
12a_25,N,12,3,6,[-7][-7],185
12a_26,Y,12,3,5,[-14][0],145
12a_27,N,12,3,6,[-12][-2],187
12a_28,N,12,3,6,[-3][-11],175
12a_29,Y,12,4,5,[-11][-3],219
12a_30,Y,12,4,5,[-8][-6],189
12a_31,N,12,3,6,[-3][-11],139
12a_32,N,12,3,6,[-10][-4],143
12a_33,Y,12,4,5,[-8][-6],189
12a_34,N,12,3,4,[3][-17],115
12a_35,N,12,3,5,[1][-15],177
12a_36,N,12,4,5,[3][-17],159
12a_37,N,12,3,5,[1][-15],133
12a_38,N,12,2,6,[-1][-13],71
12a_39,Y,12,3,5,[-10][-4],187
12a_40,Y,12,3,5,[-3][-11],211
12a_41,N,12,3,4,[-14][0],185
12a_42,N,12,3,5,[-12][-2],131
12a_43,N,12,3,5,[5][-19],203
12a_44,N,12,3,6,[1][-15],217
12a_45,Y,12,3,5,[-10][-4],179
12a_46,N,12,3,6,[-8][-6],161
12a_47,N,12,3,6,[1][-15],193
12a_48,Y,12,3,5,[-7][-7],261
12a_49,N,12,3,5,[-12][-2],231
12a_50,Y,12,3,5,[-10][-4],151
12a_51,N,12,3,6,[-8][-6],189
12a_52,N,12,3,4,[7][-21],109
12a_53,N,12,3,5,[5][-19],175
12a_54,N,12,3,6,[-6][-8],169
12a_55,N,12,3,5,[5][-19],155
12a_56,N,12,3,6,[3][-17],89
12a_57,N,12,3,6,[-8][-6],177
12a_58,Y,12,3,5,[-7][-7],205
12a_59,Y,12,3,5,[-3][-11],259
12a_60,Y,12,3,5,[-7][-7],261
12a_61,Y,12,3,5,[-4][-10],179
12a_62,N,12,3,6,[-6][-8],129
12a_63,Y,12,3,5,[-3][-11],259
12a_64,N,12,3,6,[1][-15],217
12a_65,Y,12,3,5,[-10][-4],179
12a_66,Y,12,3,5,[-6][-8],237
12a_67,Y,12,3,5,[-10][-4],219
12a_68,N,12,3,6,[-8][-6],185
12a_69,Y,12,3,5,[-11][-3],239
12a_70,Y,12,3,5,[-14][0],233
12a_71,Y,12,3,5,[-4][-10],207
12a_72,N,12,3,6,[-6][-8],197
12a_73,N,12,3,6,[-3][-11],211
12a_74,Y,12,3,5,[-11][-3],255
12a_75,N,12,3,5,[1][-15],205
12a_76,N,12,3,6,[-1][-13],143
12a_77,Y,12,3,5,[-7][-7],225
12a_78,N,12,3,4,[-14][0],149
12a_79,Y,12,3,5,[-6][-8],201
12a_80,Y,12,3,5,[-6][-8],173
12a_81,N,12,3,6,[-4][-10],159
12a_82,N,12,3,5,[5][-19],191
12a_83,N,12,3,6,[1][-15],205
12a_84,Y,12,3,5,[-10][-4],199
12a_85,N,12,3,4,[-14][0],145
12a_86,N,12,3,5,[-12][-2],171
12a_87,Y,12,3,5,[-10][-4],175
12a_88,Y,12,3,5,[-3][-11],291
12a_89,N,12,3,5,[-12][-2],167
12a_90,Y,12,3,5,[-3][-11],223
12a_91,Y,12,3,5,[0][-14],221
12a_92,Y,12,3,5,[-10][-4],191
12a_93,N,12,3,4,[7][-21],121
12a_94,N,12,3,5,[5][-19],163
12a_95,N,12,3,6,[-2][-12],195
12a_96,N,12,3,5,[5][-19],115
12a_97,N,12,3,6,[3][-17],129
12a_98,Y,12,3,5,[-4][-10],191
12a_99,Y,12,3,5,[-7][-7],217
12a_100,N,12,3,6,[-8][-6],225
12a_101,Y,12,3,5,[-6][-8],229
12a_102,N,12,3,5,[5][-19],239
12a_103,N,12,3,6,[-3][-11],219
12a_104,N,12,3,5,[-12][-2],163
12a_105,Y,12,3,5,[3][-17],131
12a_106,N,12,3,6,[1][-15],145
12a_107,N,12,3,5,[5][-19],239
12a_108,Y,12,3,5,[-3][-11],235
12a_109,N,12,3,6,[-8][-6],149
12a_110,N,12,3,6,[1][-15],181
12a_111,Y,12,3,5,[0][-14],221
12a_112,Y,12,3,5,[-10][-4],167
12a_113,Y,12,4,5,[-3][-11],219
12a_114,N,12,4,6,[1][-15],201
12a_115,Y,12,3,5,[-6][-8],229
12a_116,Y,12,4,5,[-10][-4],171
12a_117,N,12,4,6,[1][-15],201
12a_118,N,12,3,6,[-8][-6],137
12a_119,Y,12,4,5,[0][-14],189
12a_120,Y,12,3,5,[-3][-11],235
12a_121,N,12,3,6,[-8][-6],141
12a_122,Y,12,4,5,[-10][-4],171
12a_123,Y,12,3,5,[-13][-1],149
12a_124,N,12,3,6,[-11][-3],151
12a_125,Y,12,3,7,[-7][-7],181
12a_126,Y,12,3,5,[-7][-7],229
12a_127,N,12,3,6,[-3][-11],159
12a_128,N,12,3,7,[-5][-9],101
12a_129,Y,12,3,5,[-4][-10],155
12a_130,N,12,3,6,[-6][-8],153
12a_131,Y,12,3,5,[-10][-4],227
12a_132,Y,12,3,5,[-7][-7],229
12a_133,Y,12,3,5,[-10][-4],227
12a_134,Y,12,3,5,[-8][-6],221
12a_135,N,12,3,6,[-10][-4],175
12a_136,Y,12,3,5,[-10][-4],219
12a_137,Y,12,3,5,[-10][-4],215
12a_138,Y,12,3,5,[-4][-10],223
12a_139,Y,12,3,5,[-7][-7],257
12a_140,N,12,3,6,[-6][-8],181
12a_141,Y,12,3,5,[-6][-8],161
12a_142,Y,12,3,5,[0][-14],185
12a_143,N,12,3,4,[7][-21],85
12a_144,N,12,3,5,[5][-19],151
12a_145,N,12,3,5,[5][-19],179
12a_146,Y,12,3,3,[-16][2],55
12a_147,N,12,3,4,[-14][0],109
12a_148,N,12,3,4,[-14][0],161
12a_149,Y,12,3,5,[-3][-11],199
12a_150,N,12,3,5,[-12][-2],159
12a_151,N,12,3,6,[-2][-12],147
12a_152,N,12,3,6,[3][-17],113
12a_153,N,12,3,5,[-12][-2],107
12a_154,N,12,3,6,[1][-15],241
12a_155,N,12,3,6,[-4][-10],171
12a_156,N,12,3,6,[3][-17],141
12a_157,Y,12,4,5,[-6][-8],189
12a_158,Y,12,3,5,[3][-17],119
12a_159,N,12,3,6,[1][-15],157
12a_160,N,12,3,4,[-14][0],101
12a_161,N,12,3,5,[-12][-2],151
12a_162,N,12,3,6,[1][-15],241
12a_163,N,12,3,6,[-2][-12],231
12a_164,Y,12,4,5,[-3][-11],171
12a_165,N,12,3,6,[-1][-13],105
12a_166,Y,12,4,5,[-3][-11],171
12a_167,N,12,4,4,[-14][0],153
12a_168,N,12,3,5,[-12][-2],99
12a_169,N,12,2,6,[-10][-4],49
12a_170,N,12,3,6,[-3][-11],179
12a_171,N,12,3,6,[-6][-8],197
12a_172,Y,12,3,5,[-13][-1],129
12a_173,Y,12,3,5,[-7][-7],169
12a_174,Y,12,3,5,[-10][-4],167
12a_175,N,12,3,6,[-11][-3],183
12a_176,N,12,3,6,[-9][-5],131
12a_177,N,12,3,6,[-11][-3],171
12a_178,N,12,3,6,[-9][-5],139
12a_179,Y,12,3,5,[-4][-10],135
12a_180,N,12,3,6,[-6][-8],173
12a_181,Y,12,3,7,[-7][-7],165
12a_182,Y,12,4,5,[-10][-4],171
12a_183,N,12,3,7,[-7][-7],121
12a_184,Y,12,3,5,[-7][-7],241
12a_185,Y,12,3,5,[-4][-10],247
12a_186,Y,12,3,5,[-14][0],193
12a_187,N,12,3,6,[-12][-2],203
12a_188,Y,12,3,5,[-8][-6],221
12a_189,Y,12,3,5,[-8][-6],225
12a_190,Y,12,3,5,[-14][0],217
12a_191,Y,12,3,5,[-11][-3],263
12a_192,N,12,3,6,[-12][-2],179
12a_193,Y,12,3,5,[-13][-1],105
12a_194,N,12,3,6,[-11][-3],163
12a_195,Y,12,4,5,[-13][-1],141
12a_196,N,12,3,6,[-11][-3],127
12a_197,N,12,2,7,[-9][-5],69
12a_198,N,12,3,6,[-7][-7],209
12a_199,N,12,3,5,[1][-15],245
12a_200,Y,12,3,5,[-11][-3],215
12a_201,N,12,3,6,[-9][-5],157
12a_202,Y,12,3,5,[-8][-6],265
12a_203,Y,12,3,5,[-10][-4],183
12a_204,N,12,2,6,[-8][-6],173
12a_205,N,12,3,4,[3][-17],139
12a_206,N,12,2,5,[1][-15],105
12a_207,Y,12,3,5,[-5][-9],159
12a_208,N,12,3,6,[-7][-7],165
12a_209,Y,12,3,5,[-7][-7],273
12a_210,N,12,3,5,[1][-15],189
12a_211,N,12,3,4,[-6][-8],169
12a_212,N,12,3,5,[-4][-10],147
12a_213,Y,12,3,5,[-4][-10],247
12a_214,Y,12,3,5,[-7][-7],257
12a_215,Y,12,3,5,[-11][-3],195
12a_216,Y,12,3,5,[-1][-13],125
12a_217,Y,12,3,5,[-8][-6],197
12a_218,N,12,3,6,[-3][-11],175
12a_219,Y,12,3,5,[-14][0],181
12a_220,Y,12,3,5,[-4][-10],187
12a_221,N,12,2,6,[-6][-8],169
12a_222,Y,12,3,5,[-7][-7],281
12a_223,N,12,3,6,[-9][-5],189
12a_224,Y,12,3,5,[-4][-10],231
12a_225,Y,12,3,5,[-11][-3],227
12a_226,N,12,2,5,[1][-15],181
12a_227,N,12,3,5,[1][-15],245
12a_228,Y,12,3,5,[-10][-4],223
12a_229,N,12,3,6,[-7][-7],201
12a_230,N,12,3,6,[-12][-2],235
12a_231,N,12,3,5,[1][-15],213
12a_232,N,12,3,5,[1][-15],185
12a_233,Y,12,3,5,[-7][-7],249
12a_234,N,12,3,4,[-6][-8],141
12a_235,N,12,3,5,[-4][-10],175
12a_236,N,12,3,4,[3][-17],99
12a_237,N,12,3,5,[1][-15],161
12a_238,N,12,3,5,[1][-15],149
12a_239,N,12,2,6,[-1][-13],87
12a_240,N,12,3,4,[-14][0],173
12a_241,N,12,2,5,[-12][-2],127
12a_242,Y,12,3,5,[-4][-10],191
12a_243,N,12,2,6,[-6][-8],133
12a_244,N,12,3,5,[-12][-2],243
12a_245,Y,12,3,5,[-6][-8],225
12a_246,Y,12,3,5,[-1][-13],153
12a_247,N,12,2,6,[-3][-11],163
12a_248,N,12,3,6,[-9][-5],145
12a_249,N,12,3,6,[-12][-2],151
12a_250,Y,12,3,5,[-1][-13],157
12a_251,N,12,2,6,[-3][-11],159
12a_252,N,12,3,4,[3][-17],131
12a_253,N,12,3,5,[1][-15],161
12a_254,N,12,2,5,[1][-15],97
12a_255,N,12,2,6,[-1][-13],107
12a_256,N,12,3,6,[-3][-11],219
12a_257,N,12,2,6,[-3][-11],191
12a_258,Y,12,3,5,[-7][-7],169
12a_259,N,12,2,6,[-5][-9],115
12a_260,Y,12,3,5,[-5][-9],183
12a_261,Y,12,3,5,[-8][-6],241
12a_262,Y,12,3,5,[-5][-9],191
12a_263,N,12,3,6,[-3][-11],203
12a_264,Y,12,3,5,[-4][-10],295
12a_265,Y,12,3,5,[-7][-7],297
12a_266,N,12,3,4,[0][-14],221
12a_267,N,12,3,5,[-2][-12],223
12a_268,Y,12,3,5,[-7][-7],277
12a_269,N,12,3,5,[1][-15],153
12a_270,N,12,3,6,[-1][-13],99
12a_271,Y,12,3,5,[-8][-6],185
12a_272,N,12,3,6,[-10][-4],163
12a_273,N,12,3,5,[-7][-7],205
12a_274,N,12,3,4,[-14][0],137
12a_275,N,12,3,5,[-12][-2],179
12a_276,N,12,3,4,[7][-21],157
12a_277,N,12,3,5,[5][-19],143
12a_278,Y,12,3,5,[-10][-4],139
12a_279,N,12,3,6,[-8][-6],169
12a_280,Y,12,3,5,[-3][-11],195
12a_281,Y,12,3,5,[0][-14],213
12a_282,Y,12,3,5,[-7][-7],233
12a_283,Y,12,3,5,[-10][-4],223
12a_284,Y,12,3,5,[-4][-10],203
12a_285,Y,12,3,5,[-10][-4],227
12a_286,N,12,3,6,[-6][-8],233
12a_287,Y,12,3,5,[-11][-3],243
12a_288,Y,12,3,5,[-11][-3],255
12a_289,N,12,3,5,[1][-15],193
12a_290,N,12,3,4,[-3][-11],171
12a_291,N,12,3,5,[-5][-9],153
12a_292,Y,12,3,5,[-10][-4],219
12a_293,N,12,3,5,[5][-19],227
12a_294,N,12,3,4,[-14][0],197
12a_295,N,12,3,5,[5][-19],207
12a_296,N,12,3,6,[-3][-11],231
12a_297,N,12,3,4,[-14][0],153
12a_298,Y,12,3,5,[-10][-4],171
12a_299,Y,12,3,5,[-1][-13],161
12a_300,N,12,2,6,[-3][-11],155
12a_301,N,12,3,6,[-8][-6],221
12a_302,N,12,2,5,[-12][-2],147
12a_303,N,12,2,6,[-8][-6],153
12a_304,Y,12,3,5,[-13][-1],137
12a_305,Y,12,3,5,[-4][-10],167
12a_306,N,12,2,6,[-11][-3],147
12a_307,N,12,2,6,[-6][-8],157
12a_308,N,12,3,6,[-8][-6],201
12a_309,N,12,3,6,[-6][-8],245
12a_310,Y,12,3,5,[-7][-7],245
12a_311,N,12,3,5,[1][-15],189
12a_312,N,12,3,6,[-1][-13],159
12a_313,N,12,3,5,[-2][-12],207
12a_314,N,12,3,6,[1][-15],217
12a_315,N,12,3,5,[1][-15],221
12a_316,Y,12,3,5,[-7][-7],281
12a_317,N,12,3,5,[-12][-2],259
12a_318,Y,12,3,5,[-10][-4],199
12a_319,N,12,3,5,[5][-19],183
12a_320,N,12,3,6,[3][-17],157
12a_321,N,12,3,4,[3][-17],171
12a_322,N,12,3,5,[1][-15],185
12a_323,Y,12,3,5,[-7][-7],253
12a_324,Y,12,3,5,[-10][-4],227
12a_325,Y,12,3,5,[-10][-4],243
12a_326,N,12,3,6,[-2][-12],215
12a_327,N,12,3,5,[-12][-2],175
12a_328,Y,12,3,5,[-4][-10],239
12a_329,N,12,3,5,[1][-15],141
12a_330,N,12,2,6,[-1][-13],95
12a_331,Y,12,3,5,[-14][0],177
12a_332,N,12,3,6,[-12][-2],171
12a_333,Y,12,3,5,[-7][-7],241
12a_334,Y,12,3,5,[-8][-6],249
12a_335,Y,12,3,5,[-4][-10],271
12a_336,N,12,3,5,[1][-15],213
12a_337,N,12,3,6,[-3][-11],259
12a_338,N,12,3,6,[-3][-11],187
12a_339,N,12,3,6,[-1][-13],155
12a_340,N,12,3,6,[-3][-11],247
12a_341,Y,12,3,5,[-7][-7],229
12a_342,Y,12,3,5,[-7][-7],237
12a_343,N,12,3,6,[-3][-11],199
12a_344,N,12,3,5,[5][-19],139
12a_345,N,12,3,6,[3][-17],105
12a_346,N,12,3,4,[-6][-8],213
12a_347,N,12,3,5,[-4][-10],231
12a_348,N,12,3,6,[-7][-7],225
12a_349,Y,12,3,5,[-14][0],205
12a_350,N,12,3,5,[1][-15],229
12a_351,Y,12,3,5,[-8][-6],221
12a_352,Y,12,3,5,[-11][-3],259
12a_353,N,12,3,5,[-2][-12],187
12a_354,N,12,3,5,[-2][-12],259
12a_355,N,12,3,5,[5][-19],127
12a_356,N,12,3,6,[3][-17],101
12a_357,N,12,3,6,[-6][-8],173
12a_358,Y,12,3,5,[-4][-10],255
12a_359,Y,12,3,5,[-7][-7],305
12a_360,N,12,3,6,[-6][-8],225
12a_361,Y,12,3,5,[-7][-7],329
12a_362,Y,12,3,5,[-14][0],261
12a_363,Y,12,3,5,[-14][0],229
12a_364,Y,12,3,5,[-11][-3],283
12a_365,N,12,3,4,[-9][-5],131
12a_366,N,12,3,5,[-7][-7],193
12a_367,N,12,3,4,[7][-21],133
12a_368,N,12,3,5,[5][-19],167
12a_369,Y,12,3,3,[-16][2],67
12a_370,N,12,3,4,[-14][0],113
12a_371,N,12,3,4,[-14][0],97
12a_372,N,12,3,5,[-12][-2],155
12a_373,Y,12,3,5,[3][-17],147
12a_374,Y,12,3,5,[-7][-7],189
12a_375,N,12,3,4,[-14][0],117
12a_376,N,12,3,5,[-12][-2],135
12a_377,Y,12,3,5,[-7][-7],225
12a_378,N,12,2,6,[-5][-9],127
12a_379,N,12,2,5,[-12][-2],71
12a_380,N,12,2,6,[-10][-4],77
12a_381,N,12,3,6,[-3][-11],155
12a_382,Y,12,3,5,[-13][-1],133
12a_383,Y,12,3,5,[-10][-4],163
12a_384,N,12,2,6,[-11][-3],151
12a_385,N,12,2,6,[-8][-6],161
12a_386,Y,12,3,5,[-14][0],189
12a_387,Y,12,3,5,[-8][-6],245
12a_388,Y,12,3,5,[-7][-7],245
12a_389,Y,12,3,5,[-11][-3],315
12a_390,N,12,3,4,[-3][-11],243
12a_391,N,12,3,5,[5][-19],187
12a_392,N,12,3,6,[3][-17],153
12a_393,N,12,3,5,[1][-15],261
12a_394,N,12,3,4,[-14][0],181
12a_395,N,12,3,5,[-12][-2],183
12a_396,Y,12,3,5,[-6][-8],189
12a_397,N,12,3,6,[1][-15],205
12a_398,Y,12,3,5,[-1][-13],185
12a_399,N,12,3,5,[-12][-2],211
12a_400,N,12,3,6,[-2][-12],203
12a_401,N,12,3,6,[-4][-10],159
12a_402,Y,12,3,5,[-4][-10],271
12a_403,N,12,3,6,[-6][-8],209
12a_404,N,12,3,6,[-9][-5],159
12a_405,N,12,3,6,[-3][-11],191
12a_406,N,12,2,6,[-3][-11],179
12a_407,N,12,3,6,[-12][-2],251
12a_408,N,12,3,5,[1][-15],285
12a_409,N,12,3,4,[3][-17],147
12a_410,N,12,3,5,[1][-15],209
12a_411,N,12,3,4,[-14][0],153
12a_412,N,12,3,5,[-12][-2],211
12a_413,Y,12,3,5,[-4][-10],279
12a_414,N,12,3,6,[-1][-13],147
12a_415,Y,12,3,5,[-7][-7],249
12a_416,Y,12,3,5,[-4][-10],207
12a_417,Y,12,3,5,[-11][-3],251
12a_418,Y,12,3,5,[-10][-4],247
12a_419,Y,12,3,5,[-4][-10],279
12a_420,N,12,3,5,[5][-19],111
12a_421,N,12,3,6,[3][-17],133
12a_422,N,12,3,4,[-12][-2],69
12a_423,N,12,3,5,[-10][-4],119
12a_424,N,12,3,5,[-10][-4],131
12a_425,N,12,2,6,[-8][-6],81
12a_426,Y,12,3,5,[-7][-7],273
12a_427,Y,12,3,5,[-7][-7],225
12a_428,N,12,3,4,[-6][-8],165
12a_429,N,12,3,5,[-4][-10],183
12a_430,N,12,3,4,[-14][0],221
12a_431,N,12,3,5,[5][-19],275
12a_432,N,12,3,5,[5][-19],211
12a_433,N,12,3,6,[1][-15],189
12a_434,Y,12,3,5,[-10][-4],195
12a_435,Y,12,3,5,[-7][-7],225
12a_436,Y,12,3,5,[-10][-4],143
12a_437,N,12,2,6,[-8][-6],149
12a_438,Y,12,3,5,[-8][-6],209
12a_439,Y,12,3,5,[-7][-7],321
12a_440,N,12,3,4,[0][-14],149
12a_441,N,12,3,5,[-2][-12],199
12a_442,N,12,3,5,[5][-19],103
12a_443,N,12,3,6,[3][-17],125
12a_444,N,12,3,6,[1][-15],129
12a_445,Y,12,3,5,[-10][-4],171
12a_446,Y,12,3,5,[-4][-10],231
12a_447,N,12,2,6,[-8][-6],121
12a_448,N,12,3,7,[-5][-9],105
12a_449,N,12,3,6,[-10][-4],187
12a_450,N,12,3,6,[-12][-2],207
12a_451,Y,12,3,5,[-4][-10],243
12a_452,Y,12,3,5,[-7][-7],253
12a_453,Y,12,3,5,[-7][-7],149
12a_454,N,12,2,6,[-5][-9],103
12a_455,Y,12,3,5,[-10][-4],239
12a_456,Y,12,3,5,[-7][-7],225
12a_457,Y,12,3,5,[-10][-4],271
12a_458,Y,12,3,5,[-7][-7],289
12a_459,N,12,3,6,[-12][-2],243
12a_460,N,12,3,6,[-7][-7],221
12a_461,N,12,3,5,[1][-15],233
12a_462,Y,12,3,5,[-7][-7],157
12a_463,N,12,3,6,[-5][-9],111
12a_464,Y,12,3,5,[-8][-6],225
12a_465,Y,12,3,5,[-7][-7],241
12a_466,Y,12,3,5,[-14][0],209
12a_467,Y,12,3,5,[-11][-3],271
12a_468,Y,12,3,5,[-10][-4],191
12a_469,Y,12,3,5,[-6][-8],217
12a_470,Y,12,3,5,[-3][-11],247
12a_471,N,12,2,7,[-7][-7],85
12a_472,N,12,3,6,[-15][1],237
12a_473,Y,12,3,5,[-8][-6],289
12a_474,Y,12,3,5,[-11][-3],287
12a_475,Y,12,3,5,[-4][-10],255
12a_476,Y,12,3,5,[-13][-1],161
12a_477,Y,12,2,7,[-7][-7],169
12a_478,Y,12,3,5,[-10][-4],215
12a_479,Y,12,3,5,[-8][-6],257
12a_480,Y,12,3,5,[-3][-11],287
12a_481,N,12,3,6,[-9][-5],119
12a_482,N,12,2,7,[-7][-7],93
12a_483,Y,12,3,5,[-11][-3],335
12a_484,Y,12,3,5,[-7][-7],289
12a_485,Y,12,3,5,[-10][-4],255
12a_486,Y,12,3,5,[-7][-7],273
12a_487,Y,12,3,5,[-11][-3],263
12a_488,Y,12,3,5,[-5][-9],175
12a_489,N,12,3,6,[-3][-11],211
12a_490,N,12,3,5,[5][-19],207
12a_491,N,12,3,6,[-7][-7],177
12a_492,N,12,3,6,[-7][-7],197
12a_493,Y,12,3,5,[-5][-9],171
12a_494,N,12,3,6,[-7][-7],201
12a_495,N,12,3,4,[0][-14],245
12a_496,N,12,3,4,[-3][-11],267
12a_497,Y,12,2,5,[-7][-7],209
12a_498,Y,12,2,5,[-4][-10],207
12a_499,Y,12,2,5,[-7][-7],233
12a_500,Y,12,2,5,[-4][-10],167
12a_501,Y,12,2,5,[-4][-10],199
12a_502,N,12,2,4,[3][-17],91
12a_503,Y,12,3,5,[-5][-9],135
12a_504,N,12,3,5,[1][-15],153
12a_505,Y,12,3,5,[-11][-3],183
12a_506,Y,12,2,5,[-7][-7],185
12a_507,N,12,3,4,[3][-17],115
12a_508,N,12,2,5,[1][-15],129
12a_509,N,12,3,4,[-3][-11],219
12a_510,N,12,2,5,[-7][-7],193
12a_511,N,12,2,4,[-14][0],125
12a_512,Y,12,2,5,[-10][-4],151
12a_513,N,12,3,5,[-12][-2],175
12a_514,N,12,2,5,[-12][-2],187
12a_515,Y,12,3,5,[-6][-8],177
12a_516,Y,12,3,5,[-3][-11],215
12a_517,Y,12,2,5,[-1][-13],145
12a_518,N,12,2,6,[-6][-8],157
12a_519,N,12,2,4,[3][-17],111
12a_520,N,12,2,5,[1][-15],133
12a_521,Y,12,2,5,[-1][-13],113
12a_522,N,12,2,5,[1][-15],173
12a_523,N,12,3,4,[-6][-8],213
12a_524,N,12,3,6,[-3][-11],171
12a_525,N,12,3,6,[-9][-5],141
12a_526,N,12,3,4,[-3][-11],211
12a_527,N,12,3,4,[0][-14],197
12a_528,Y,12,2,5,[-10][-4],183
12a_529,N,12,3,6,[-8][-6],189
12a_530,N,12,3,6,[-6][-8],217
12a_531,N,12,3,4,[-3][-11],151
12a_532,N,12,2,5,[-5][-9],125
12a_533,N,12,2,4,[-14][0],137
12a_534,N,12,2,5,[-12][-2],163
12a_535,Y,12,2,5,[-10][-4],175
12a_536,Y,12,2,5,[-1][-13],137
12a_537,N,12,2,6,[-3][-11],179
12a_538,N,12,2,4,[3][-17],83
12a_539,N,12,2,5,[1][-15],145
12a_540,N,12,2,5,[1][-15],165
12a_541,Y,12,2,5,[-1][-13],153
12a_542,N,12,3,6,[-1][-13],123
12a_543,N,12,3,6,[-3][-11],239
12a_544,N,12,3,4,[-6][-8],157
12a_545,N,12,2,5,[-4][-10],143
12a_546,N,12,3,6,[-3][-11],231
12a_547,N,12,3,5,[1][-15],233
12a_548,N,12,3,5,[-1][-13],109
12a_549,N,12,2,6,[-3][-11],111
12a_550,N,12,2,6,[-8][-6],149
12a_551,N,12,2,6,[-1][-13],103
12a_552,N,12,2,6,[-3][-11],131
12a_553,N,12,3,4,[0][-14],205
12a_554,N,12,4,6,[-7][-7],189
12a_555,N,12,3,6,[-6][-8],193
12a_556,N,12,3,5,[1][-15],145
12a_557,N,12,3,6,[-1][-13],107
12a_558,N,12,3,4,[0][-14],233
12a_559,N,12,3,5,[-2][-12],211
12a_560,N,12,3,6,[-8][-6],173
12a_561,Y,12,3,5,[0][-14],225
12a_562,N,12,3,6,[-3][-11],171
12a_563,N,12,3,5,[1][-15],117
12a_564,N,12,3,6,[-1][-13],135
12a_565,Y,12,3,5,[-14][0],193
12a_566,N,12,3,6,[-12][-2],155
12a_567,N,12,3,4,[-6][-8],249
12a_568,N,12,3,5,[1][-15],157
12a_569,Y,12,3,5,[-14][0],153
12a_570,N,12,3,6,[-12][-2],195
12a_571,N,12,3,4,[-3][-11],279
12a_572,N,12,3,4,[-3][-11],175
12a_573,N,12,3,4,[-9][-5],143
12a_574,N,12,3,4,[7][-21],117
12a_575,N,12,3,5,[5][-19],183
12a_576,Y,12,3,3,[-16][2],63
12a_577,N,12,3,4,[-14][0],117
12a_578,N,12,3,4,[-14][0],153
12a_579,Y,12,2,5,[-7][-7],177
12a_580,N,12,2,4,[-14][0],69
12a_581,N,12,2,5,[-12][-2],119
12a_582,N,12,2,5,[-12][-2],131
12a_583,Y,12,2,5,[-7][-7],161
12a_584,Y,12,2,5,[-4][-10],143
12a_585,N,12,2,6,[-6][-8],181
12a_586,N,12,3,5,[5][-19],203
12a_587,N,12,3,4,[3][-17],175
12a_588,N,12,3,4,[-3][-11],255
12a_589,N,12,3,4,[-14][0],185
12a_590,N,12,3,4,[3][-17],151
12a_591,N,12,3,5,[1][-15],109
12a_592,N,12,3,5,[1][-15],217
12a_593,N,12,3,5,[-7][-7],181
12a_594,N,12,3,5,[-12][-2],99
12a_595,N,12,2,6,[-5][-9],139
12a_596,N,12,2,6,[-10][-4],81
12a_597,N,12,2,6,[-9][-5],123
12a_598,N,12,3,4,[-3][-11],211
12a_599,N,12,3,4,[-14][0],209
12a_600,N,12,2,5,[1][-15],109
12a_601,N,12,2,6,[-1][-13],127
12a_602,N,12,3,4,[-6][-8],229
12a_603,N,12,3,5,[-4][-10],215
12a_604,N,12,3,6,[-3][-11],223
12a_605,N,12,3,4,[-9][-5],155
12a_606,N,12,3,5,[-7][-7],169
12a_607,N,12,3,4,[-14][0],173
12a_608,N,12,3,5,[-12][-2],191
12a_609,N,12,3,5,[-12][-2],223
12a_610,N,12,3,6,[3][-17],137
12a_611,N,12,3,5,[1][-15],237
12a_612,N,12,3,5,[-1][-13],145
12a_613,N,12,3,5,[-12][-2],155
12a_614,N,12,3,6,[-3][-11],215
12a_615,N,12,3,5,[5][-19],243
12a_616,N,12,3,4,[0][-14],265
12a_617,N,12,3,4,[-6][-8],177
12a_618,N,12,3,4,[0][-14],257
12a_619,N,12,3,6,[-1][-13],95
12a_620,N,12,3,4,[0][-14],269
12a_621,Y,12,3,5,[-10][-4],175
12a_622,N,12,3,6,[-8][-6],197
12a_623,N,12,3,5,[1][-15],189
12a_624,N,12,3,5,[-12][-2],179
12a_625,N,12,3,6,[-8][-6],209
12a_626,N,12,3,4,[-3][-11],291
12a_627,Y,12,3,5,[-7][-7],229
12a_628,N,12,3,5,[-2][-12],195
12a_629,Y,12,3,5,[-7][-7],297
12a_630,Y,12,3,5,[-4][-10],239
12a_631,N,12,3,5,[-7][-7],225
12a_632,N,12,3,5,[-5][-9],149
12a_633,N,12,3,5,[-2][-12],219
12a_634,N,12,3,5,[-12][-2],135
12a_635,N,12,3,6,[-8][-6],201
12a_636,N,12,3,6,[-10][-4],93
12a_637,Y,12,3,5,[-10][-4],231
12a_638,N,12,3,5,[1][-15],181
12a_639,N,12,3,4,[-3][-11],199
12a_640,N,12,3,5,[-5][-9],125
12a_641,N,12,3,4,[-12][-2],73
12a_642,N,12,3,5,[-10][-4],115
12a_643,N,12,2,5,[-10][-4],99
12a_644,N,12,2,6,[-8][-6],113
12a_645,N,12,3,4,[-3][-11],259
12a_646,N,12,3,4,[-6][-8],169
12a_647,N,12,3,4,[7][-21],153
12a_648,N,12,3,5,[5][-19],147
12a_649,Y,12,2,5,[-10][-4],127
12a_650,N,12,2,6,[-8][-6],165
12a_651,Y,12,2,5,[-1][-13],97
12a_652,N,12,2,6,[-3][-11],155
12a_653,N,12,3,6,[3][-17],145
12a_654,N,12,3,5,[1][-15],165
12a_655,N,12,3,5,[-10][-4],159
12a_656,N,12,3,5,[-12][-2],235
12a_657,N,12,3,4,[-6][-8],181
12a_658,N,12,3,5,[-4][-10],167
12a_659,N,12,3,5,[5][-19],263
12a_660,N,12,3,4,[3][-17],163
12a_661,N,12,3,5,[1][-15],193
12a_662,Y,12,3,5,[-7][-7],241
12a_663,N,12,3,6,[-5][-9],175
12a_664,Y,12,3,5,[-1][-13],169
12a_665,N,12,3,6,[-3][-11],195
12a_666,N,12,3,6,[-3][-11],207
12a_667,N,12,3,4,[-6][-8],121
12a_668,N,12,3,4,[-6][-8],189
12a_669,N,12,3,5,[-8][-6],67
12a_670,N,12,3,4,[-6][-8],237
12a_671,N,12,3,4,[0][-14],173
12a_672,N,12,3,4,[-3][-11],243
12a_673,Y,12,3,5,[-4][-10],203
12a_674,Y,12,3,5,[-7][-7],221
12a_675,N,12,3,4,[0][-14],209
12a_676,N,12,3,5,[-2][-12],139
12a_677,N,12,3,5,[-2][-12],175
12a_678,N,12,3,5,[-4][-10],179
12a_679,N,12,3,6,[3][-17],81
12a_680,N,12,3,4,[-3][-11],199
12a_681,Y,12,3,5,[-1][-13],145
12a_682,N,12,2,6,[-3][-11],107
12a_683,Y,12,3,5,[-1][-13],117
12a_684,N,12,2,6,[-3][-11],135
12a_685,N,12,3,5,[1][-15],201
12a_686,N,12,3,5,[1][-15],209
12a_687,N,12,3,6,[-3][-11],223
12a_688,N,12,3,4,[0][-14],209
12a_689,N,12,3,6,[-3][-11],123
12a_690,N,12,2,7,[-5][-9],89
12a_691,N,12,2,7,[-5][-9],77
12a_692,N,12,4,4,[-14][0],153
12a_693,Y,12,4,5,[-13][-1],141
12a_694,N,12,4,5,[3][-17],159
12a_695,Y,12,3,5,[-3][-11],275
12a_696,Y,12,3,5,[-8][-6],277
12a_697,Y,12,3,5,[-7][-7],301
12a_698,Y,12,3,5,[-10][-4],251
12a_699,Y,12,3,5,[-8][-6],261
12a_700,Y,12,3,5,[-6][-8],253
12a_701,N,12,3,4,[-14][0],225
12a_702,Y,12,3,5,[-13][-1],165
12a_703,Y,12,3,5,[-11][-3],291
12a_704,Y,12,3,5,[-10][-4],203
12a_705,Y,12,3,5,[-7][-7],309
12a_706,Y,12,3,5,[-6][-8],213
12a_707,Y,12,3,5,[-8][-6],269
12a_708,Y,12,3,5,[-5][-9],195
12a_709,Y,12,3,5,[-10][-4],259
12a_710,Y,12,3,5,[-11][-3],299
12a_711,Y,12,3,5,[-10][-4],243
12a_712,Y,12,3,5,[-11][-3],315
12a_713,N,12,2,4,[-3][-11],139
12a_714,N,12,2,4,[-9][-5],107
12a_715,N,12,2,5,[-7][-7],169
12a_716,Y,12,2,3,[-16][2],43
12a_717,N,12,2,4,[-14][0],89
12a_718,N,12,2,4,[-14][0],141
12a_719,N,12,3,5,[-12][-2],147
12a_720,N,12,2,4,[-14][0],113
12a_721,N,12,2,5,[-12][-2],171
12a_722,Y,12,2,3,[5][-19],29
12a_723,N,12,2,4,[3][-17],63
12a_724,N,12,2,4,[3][-17],107
12a_725,N,12,3,5,[1][-15],117
12a_726,N,12,2,4,[3][-17],103
12a_727,N,12,2,5,[1][-15],157
12a_728,N,12,2,4,[-6][-8],133
12a_729,N,12,2,5,[-4][-10],167
12a_730,N,12,3,5,[1][-15],153
12a_731,N,12,2,5,[-1][-13],105
12a_732,N,12,2,5,[-12][-2],95
12a_733,N,12,2,5,[1][-15],73
12a_734,N,12,3,4,[-3][-11],223
12a_735,N,12,3,6,[-1][-13],99
12a_736,N,12,2,5,[-7][-7],141
12a_737,N,12,3,4,[-14][0],165
12a_738,N,12,2,5,[-12][-2],119
12a_739,N,12,3,4,[3][-17],147
12a_740,N,12,2,5,[1][-15],113
12a_741,N,12,3,5,[1][-15],237
12a_742,N,12,3,4,[-9][-5],135
12a_743,N,12,2,6,[-5][-9],79
12a_744,N,12,2,6,[-10][-4],61
12a_745,N,12,2,6,[-1][-13],59
12a_746,N,12,3,4,[-6][-8],217
12a_747,Y,12,3,5,[-10][-4],211
12a_748,N,12,3,5,[-5][-9],137
12a_749,N,12,3,5,[-12][-2],143
12a_750,N,12,4,6,[-1][-13],135
12a_751,N,12,3,6,[-8][-6],161
12a_752,N,12,3,6,[-3][-11],115
12a_753,N,12,3,6,[-10][-4],85
12a_754,Y,12,3,5,[-4][-10],263
12a_755,N,12,3,4,[-3][-11],271
12a_756,Y,12,3,5,[-10][-4],187
12a_757,N,12,3,4,[-3][-11],163
12a_758,N,12,2,5,[-5][-9],113
12a_759,N,12,2,4,[-12][-2],61
12a_760,N,12,2,5,[-10][-4],111
12a_761,N,12,2,5,[-10][-4],139
12a_762,N,12,2,4,[3][-17],51
12a_763,N,12,2,5,[1][-15],97
12a_764,N,12,2,5,[1][-15],133
12a_765,Y,12,3,5,[-7][-7],277
12a_766,Y,12,3,5,[-7][-7],213
12a_767,N,12,3,6,[-1][-13],123
12a_768,Y,12,3,5,[-10][-4],183
12a_769,N,12,3,6,[-8][-6],189
12a_770,N,12,3,6,[-3][-11],199
12a_771,N,12,3,5,[-12][-2],219
12a_772,N,12,3,5,[-1][-13],129
12a_773,N,12,2,6,[-3][-11],91
12a_774,N,12,2,6,[-8][-6],89
12a_775,N,12,2,6,[-1][-13],87
12a_776,Y,12,3,5,[-4][-10],215
12a_777,Y,12,3,5,[-1][-13],177
12a_778,Y,12,3,5,[-7][-7],265
12a_779,N,12,3,6,[-8][-6],185
12a_780,N,12,3,5,[1][-15],225
12a_781,N,12,3,6,[-6][-8],157
12a_782,N,12,3,6,[-5][-9],151
12a_783,N,12,3,6,[-3][-11],187
12a_784,N,12,3,4,[-6][-8],193
12a_785,Y,12,3,5,[0][-14],285
12a_786,N,12,3,6,[-6][-8],169
12a_787,N,12,3,6,[-8][-6],117
12a_788,Y,12,3,5,[-3][-11],299
12a_789,N,12,3,4,[-6][-8],109
12a_790,N,12,3,5,[-4][-10],143
12a_791,N,12,2,5,[-8][-6],63
12a_792,N,12,2,6,[-6][-8],85
12a_793,Y,12,3,5,[-7][-7],285
12a_794,N,12,3,4,[3][-17],91
12a_795,N,12,3,5,[1][-15],137
12a_796,N,12,2,5,[1][-15],57
12a_797,N,12,2,6,[-1][-13],83
12a_798,N,12,3,5,[1][-15],213
12a_799,N,12,3,6,[-3][-11],175
12a_800,N,12,3,5,[1][-15],93
12a_801,N,12,4,4,[3][-17],135
12a_802,N,12,2,6,[-1][-13],47
12a_803,N,12,2,7,[-3][-11],21
12a_804,N,12,3,5,[0][-14],249
12a_805,Y,12,3,3,[-13][-1],129
12a_806,N,12,3,4,[-11][-3],219
12a_807,N,12,3,4,[-11][-3],231
12a_808,N,12,3,5,[-9][-5],141
12a_809,N,12,3,4,[0][-14],201
12a_810,N,12,3,5,[-2][-12],243
12a_811,N,12,3,4,[7][-21],145
12a_812,N,12,3,5,[1][-15],201
12a_813,N,12,3,4,[7][-21],125
12a_814,N,12,3,5,[5][-19],159
12a_815,Y,12,3,3,[-10][-4],95
12a_816,N,12,3,4,[-8][-6],149
12a_817,N,12,3,4,[7][-21],145
12a_818,Y,12,3,5,[-5][-9],195
12a_819,Y,12,3,3,[-7][-7],169
12a_820,N,12,3,4,[-5][-9],179
12a_821,N,12,3,5,[-7][-7],193
12a_822,N,12,3,4,[3][-17],119
12a_823,N,12,3,5,[1][-15],141
12a_824,Y,12,3,3,[-10][-4],107
12a_825,N,12,3,4,[-8][-6],137
12a_826,N,12,3,4,[-8][-6],89
12a_827,N,12,3,5,[-6][-8],99
12a_828,N,12,3,5,[5][-19],195
12a_829,N,12,3,5,[3][-17],191
12a_830,N,12,3,4,[-8][-6],205
12a_831,N,12,3,4,[-8][-6],205
12a_832,N,12,3,5,[3][-17],191
12a_833,N,12,3,4,[-3][-11],151
12a_834,N,12,3,5,[-5][-9],173
12a_835,Y,12,3,3,[-10][-4],71
12a_836,N,12,3,4,[-8][-6],125
12a_837,N,12,3,4,[-8][-6],145
12a_838,Y,12,3,3,[5][-19],41
12a_839,N,12,3,4,[3][-17],83
12a_840,N,12,3,4,[3][-17],127
12a_841,N,12,3,5,[1][-15],129
12a_842,N,12,3,5,[-6][-8],91
12a_843,N,12,3,5,[1][-15],85
12a_844,Y,12,3,5,[-4][-10],203
12a_845,N,12,3,5,[-6][-8],111
12a_846,Y,12,3,5,[-4][-10],203
12a_847,Y,12,3,5,[-1][-13],189
12a_848,N,12,3,4,[-14][0],161
12a_849,N,12,3,5,[-12][-2],187
12a_850,Y,12,3,3,[-1][-13],89
12a_851,N,12,3,4,[-3][-11],163
12a_852,N,12,3,4,[-3][-11],207
12a_853,N,12,3,5,[-5][-9],177
12a_854,N,12,3,5,[-5][-9],133
12a_855,N,12,3,4,[-5][-9],171
12a_856,N,12,3,5,[-7][-7],233
12a_857,N,12,3,4,[-11][-3],239
12a_858,N,12,3,5,[-9][-5],165
12a_859,Y,12,3,3,[-16][2],79
12a_860,N,12,3,4,[-14][0],149
12a_861,N,12,3,4,[-14][0],201
12a_862,N,12,3,5,[-12][-2],183
12a_863,N,12,3,5,[-12][-2],131
12a_864,Y,12,3,3,[-10][-4],159
12a_865,N,12,3,4,[-8][-6],229
12a_866,N,12,3,4,[-11][-3],295
12a_867,Y,12,3,5,[-7][-7],313
12a_868,Y,12,3,5,[-7][-7],377
12a_869,Y,12,3,3,[-13][-1],161
12a_870,N,12,3,4,[-11][-3],187
12a_871,N,12,3,4,[-11][-3],223
12a_872,N,12,3,5,[-9][-5],197
12a_873,N,12,3,5,[-5][-9],189
12a_874,N,12,3,4,[-11][-3],283
12a_875,N,12,3,5,[-2][-12],307
12a_876,N,12,3,4,[7][-21],105
12a_877,N,12,3,5,[5][-19],131
12a_878,Y,12,3,3,[-10][-4],75
12a_879,N,12,3,4,[-8][-6],121
12a_880,N,12,3,6,[3][-17],161
12a_881,N,12,3,4,[-12][-2],89
12a_882,N,12,3,5,[-10][-4],147
12a_883,N,12,3,5,[-9][-5],185
12a_884,Y,12,3,5,[-4][-10],299
12a_885,Y,12,3,5,[-4][-10],287
12a_886,Y,12,3,5,[-11][-3],207
12a_887,Y,12,3,5,[-7][-7],289
12a_888,Y,12,3,5,[-4][-10],303
12a_889,N,12,3,4,[-9][-5],167
12a_890,N,12,3,5,[-7][-7],205
12a_891,N,12,3,4,[0][-14],233
12a_892,N,12,3,5,[-2][-12],227
12a_893,Y,12,3,5,[-7][-7],309
12a_894,N,12,3,4,[-6][-8],273
12a_895,N,12,3,4,[-3][-11],243
12a_896,N,12,3,4,[-5][-9],203
12a_897,N,12,3,5,[-7][-7],217
12a_898,Y,12,3,3,[-10][-4],167
12a_899,N,12,3,4,[-8][-6],173
12a_900,N,12,3,5,[5][-19],247
12a_901,Y,12,3,5,[-10][-4],223
12a_902,N,12,3,6,[-8][-6],213
12a_903,N,12,3,5,[1][-15],249
12a_904,N,12,3,4,[-3][-11],183
12a_905,N,12,3,5,[-5][-9],189
12a_906,Y,12,3,5,[-7][-7],245
12a_907,N,12,3,4,[0][-14],225
12a_908,N,12,3,5,[-2][-12],235
12a_909,Y,12,3,3,[-1][-13],105
12a_910,N,12,3,4,[-3][-11],179
12a_911,N,12,3,4,[-3][-11],191
12a_912,N,12,3,5,[-5][-9],117
12a_913,Y,12,3,5,[-5][-9],219
12a_914,N,12,3,5,[-12][-2],255
12a_915,N,12,3,6,[-3][-11],271
12a_916,Y,12,3,3,[-10][-4],147
12a_917,N,12,3,4,[-8][-6],193
12a_918,Y,12,3,5,[-10][-4],247
12a_919,N,12,3,6,[-8][-6],189
12a_920,Y,12,3,3,[-1][-13],125
12a_921,N,12,3,4,[-3][-11],175
12a_922,N,12,3,4,[-3][-11],283
12a_923,N,12,3,4,[3][-17],135
12a_924,N,12,3,5,[1][-15],189
12a_925,N,12,3,4,[-8][-6],245
12a_926,N,12,3,4,[-3][-11],127
12a_927,N,12,3,5,[-5][-9],165
12a_928,Y,12,3,5,[-8][-6],309
12a_929,N,12,3,4,[-5][-9],203
12a_930,N,12,3,4,[3][-17],147
12a_931,N,12,3,5,[1][-15],177
12a_932,Y,12,3,5,[-5][-9],211
12a_933,Y,12,3,5,[-10][-4],227
12a_934,N,12,3,4,[-3][-11],235
12a_935,Y,12,3,5,[-8][-6],269
12a_936,N,12,3,5,[-7][-7],201
12a_937,N,12,3,4,[3][-17],79
12a_938,N,12,3,5,[1][-15],133
12a_939,N,12,3,6,[-3][-11],159
12a_940,N,12,3,6,[-5][-9],165
12a_941,N,12,3,4,[-3][-11],135
12a_942,N,12,3,5,[-5][-9],173
12a_943,N,12,3,5,[-7][-7],221
12a_944,N,12,3,4,[-6][-8],165
12a_945,N,12,3,5,[-4][-10],199
12a_946,N,12,3,4,[3][-17],151
12a_947,N,12,3,5,[1][-15],157
12a_948,Y,12,3,5,[-4][-10],251
12a_949,N,12,3,4,[-3][-11],207
12a_950,N,12,3,5,[-5][-9],197
12a_951,Y,12,3,5,[-10][-4],295
12a_952,N,12,3,4,[3][-17],123
12a_953,N,12,3,5,[1][-15],185
12a_954,N,12,3,4,[-3][-11],211
12a_955,N,12,3,5,[-5][-9],193
12a_956,N,12,3,4,[-14][0],209
12a_957,N,12,3,5,[-12][-2],203
12a_958,N,12,3,4,[-14][0],197
12a_959,N,12,3,5,[-12][-2],215
12a_960,N,12,3,5,[-7][-7],281
12a_961,Y,12,3,5,[-7][-7],277
12a_962,Y,12,3,5,[-4][-10],239
12a_963,N,12,3,5,[-9][-5],221
12a_964,Y,12,3,5,[-10][-4],255
12a_965,Y,12,3,5,[-7][-7],297
12a_966,N,12,3,4,[-6][-8],217
12a_967,N,12,3,5,[-15][1],253
12a_968,Y,12,3,5,[-7][-7],193
12a_969,N,12,3,6,[-5][-9],139
12a_970,N,12,3,4,[-12][-2],105
12a_971,N,12,3,5,[-10][-4],163
12a_972,N,12,3,4,[-9][-5],183
12a_973,N,12,3,5,[5][-19],243
12a_974,N,12,3,6,[3][-17],177
12a_975,N,12,3,6,[-9][-5],225
12a_976,N,12,3,6,[-12][-2],279
12a_977,N,12,3,4,[3][-17],175
12a_978,N,12,3,5,[1][-15],133
12a_979,N,12,3,4,[-8][-6],225
12a_980,N,12,3,4,[-14][0],257
12a_981,Y,12,3,3,[-10][-4],135
12a_982,N,12,3,4,[-8][-6],189
12a_983,N,12,3,5,[1][-15],229
12a_984,Y,12,3,3,[-16][2],103
12a_985,N,12,3,4,[-14][0],157
12a_986,N,12,3,4,[-8][-6],285
12a_987,N,12,3,4,[-14][0],225
12a_988,N,12,3,4,[-14][0],125
12a_989,N,12,3,5,[-12][-2],175
12a_990,Y,12,3,5,[-7][-7],225
12a_991,Y,12,3,5,[-13][-1],209
12a_992,Y,12,3,5,[-7][-7],265
12a_993,N,12,3,4,[-6][-8],193
12a_994,N,12,3,4,[-3][-11],287
12a_995,N,12,3,5,[5][-19],227
12a_996,N,12,3,6,[3][-17],193
12a_997,N,12,3,4,[-3][-11],215
12a_998,N,12,3,4,[-3][-11],251
12a_999,Y,12,3,3,[-10][-4],171
12a_1000,N,12,3,4,[-8][-6],153
12a_1001,N,12,3,5,[-5][-9],189
12a_1002,Y,12,3,3,[-10][-4],183
12a_1003,N,12,3,4,[-14][0],233
12a_1004,N,12,3,5,[5][-19],259
12a_1005,N,12,3,4,[-8][-6],241
12a_1006,N,12,3,4,[-8][-6],205
12a_1007,N,12,3,4,[-9][-5],143
12a_1008,N,12,3,5,[-7][-7],197
12a_1009,N,12,3,4,[0][-14],137
12a_1010,N,12,3,5,[-2][-12],195
12a_1011,Y,12,3,3,[-7][-7],121
12a_1012,N,12,3,4,[-5][-9],163
12a_1013,Y,12,3,3,[-4][-10],119
12a_1014,N,12,3,4,[-6][-8],173
12a_1015,N,12,3,4,[-9][-5],131
12a_1016,N,12,3,5,[-7][-7],177
12a_1017,N,12,3,4,[-2][-12],109
12a_1018,N,12,3,5,[-4][-10],159
12a_1019,Y,12,3,5,[-7][-7],361
12a_1020,Y,12,3,5,[-4][-10],319
12a_1021,Y,12,3,5,[-3][-11],339
12a_1022,N,12,3,6,[-2][-12],243
12a_1023,N,12,2,4,[-3][-11],127
12a_1024,N,12,2,5,[-5][-9],149
12a_1025,N,12,3,4,[-11][-3],255
12a_1026,N,12,3,5,[-9][-5],165
12a_1027,Y,12,3,3,[-10][-4],83
12a_1028,N,12,3,4,[-8][-6],113
12a_1029,N,12,2,4,[-8][-6],81
12a_1030,N,12,2,5,[-6][-8],91
12a_1031,N,12,3,4,[-12][-2],97
12a_1032,N,12,3,5,[-10][-4],139
12a_1033,N,12,2,5,[-10][-4],107
12a_1034,N,12,2,6,[-8][-6],121
12a_1035,N,12,3,5,[5][-19],155
12a_1036,N,12,3,4,[3][-17],159
12a_1037,N,12,3,6,[3][-17],185
12a_1038,N,12,3,5,[1][-15],197
12a_1039,Y,12,2,5,[-7][-7],137
12a_1040,N,12,2,6,[-9][-5],115
12a_1041,N,12,3,4,[0][-14],265
12a_1042,N,12,3,4,[-6][-8],253
12a_1043,N,12,3,5,[-4][-10],207
12a_1044,N,12,3,5,[-2][-12],195
12a_1045,Y,12,3,5,[-1][-13],161
12a_1046,N,12,3,6,[-3][-11],203
12a_1047,Y,12,3,3,[-10][-4],143
12a_1048,N,12,3,4,[-8][-6],197
12a_1049,Y,12,3,5,[-10][-4],215
12a_1050,Y,12,3,5,[-6][-8],285
12a_1051,Y,12,3,3,[-1][-13],113
12a_1052,N,12,3,4,[-3][-11],187
12a_1053,N,12,3,4,[-8][-6],233
12a_1054,Y,12,3,5,[-10][-4],227
12a_1055,N,12,3,6,[-8][-6],209
12a_1056,N,12,3,4,[-3][-11],247
12a_1057,N,12,3,6,[-6][-8],249
12a_1058,N,12,3,6,[-8][-6],221
12a_1059,N,12,3,4,[3][-17],183
12a_1060,N,12,3,4,[-3][-11],183
12a_1061,N,12,3,4,[-3][-11],267
12a_1062,N,12,3,5,[1][-15],141
12a_1063,N,12,3,5,[-5][-9],109
12a_1064,N,12,3,4,[-3][-11],167
12a_1065,Y,12,3,5,[-6][-8],301
12a_1066,N,12,3,4,[-3][-11],163
12a_1067,Y,12,3,5,[-3][-11],275
12a_1068,N,12,3,5,[-5][-9],145
12a_1069,N,12,3,6,[-3][-11],235
12a_1070,Y,12,3,5,[-4][-10],263
12a_1071,N,12,3,4,[-3][-11],223
12a_1072,N,12,3,4,[-14][0],241
12a_1073,N,12,3,5,[1][-15],213
12a_1074,Y,12,3,5,[-1][-13],193
12a_1075,N,12,3,5,[-5][-9],181
12a_1076,Y,12,3,5,[-7][-7],273
12a_1077,N,12,3,5,[-12][-2],171
12a_1078,N,12,3,4,[-6][-8],277
12a_1079,N,12,3,4,[-3][-11],267
12a_1080,Y,12,3,5,[-1][-13],201
12a_1081,Y,12,3,5,[-7][-7],217
12a_1082,Y,12,3,5,[-1][-13],185
12a_1083,N,12,3,4,[-6][-8],169
12a_1084,Y,12,3,5,[-1][-13],145
12a_1085,N,12,3,6,[-3][-11],187
12a_1086,N,12,3,5,[-10][-4],199
12a_1087,Y,12,3,5,[-7][-7],225
12a_1088,Y,12,3,5,[-7][-7],253
12a_1089,Y,12,3,5,[-1][-13],157
12a_1090,N,12,3,6,[-3][-11],175
12a_1091,N,12,3,4,[-6][-8],237
12a_1092,Y,12,3,5,[-4][-10],243
12a_1093,Y,12,3,5,[-4][-10],207
12a_1094,N,12,3,6,[-3][-11],147
12a_1095,N,12,3,5,[-8][-6],99
12a_1096,Y,12,3,5,[-10][-4],271
12a_1097,N,12,3,6,[3][-17],217
12a_1098,N,12,3,5,[1][-15],293
12a_1099,N,12,3,4,[-14][0],217
12a_1100,N,12,3,4,[-8][-6],261
12a_1101,N,12,3,4,[-14][0],237
12a_1102,Y,12,3,5,[-7][-7],305
12a_1103,N,12,3,5,[-12][-2],195
12a_1104,Y,12,3,5,[-10][-4],215
12a_1105,Y,12,3,5,[-7][-7],289
12a_1106,N,12,3,6,[-5][-9],205
12a_1107,N,12,3,4,[-12][-2],113
12a_1108,N,12,3,5,[-10][-4],155
12a_1109,N,12,3,4,[-3][-11],247
12a_1110,N,12,3,5,[-2][-12],283
12a_1111,N,12,3,4,[-9][-5],207
12a_1112,N,12,3,5,[5][-19],215
12a_1113,N,12,3,6,[3][-17],205
12a_1114,Y,12,3,3,[-16][2],95
12a_1115,N,12,3,4,[-14][0],165
12a_1116,N,12,3,4,[-14][0],185
12a_1117,N,12,3,6,[1][-15],273
12a_1118,N,12,3,5,[-12][-2],115
12a_1119,N,12,3,4,[-6][-8],169
12a_1120,Y,12,3,3,[-10][-4],111
12a_1121,N,12,3,4,[-8][-6],181
12a_1122,Y,12,3,5,[-6][-8],285
12a_1123,Y,12,3,5,[-7][-7],261
12a_1124,Y,12,3,7,[-7][-7],205
12a_1125,N,12,2,5,[-1][-13],101
12a_1126,N,12,2,6,[-3][-11],119
12a_1127,N,12,2,7,[-7][-7],97
12a_1128,Y,12,2,3,[-10][-4],59
12a_1129,N,12,2,4,[-8][-6],105
12a_1130,N,12,2,4,[-8][-6],125
12a_1131,N,12,2,4,[-12][-2],73
12a_1132,N,12,2,5,[-10][-4],131
12a_1133,N,12,2,5,[-10][-4],159
12a_1134,Y,12,2,3,[-1][-13],53
12a_1135,N,12,2,4,[-3][-11],103
12a_1136,N,12,2,4,[-3][-11],147
12a_1137,N,12,3,5,[-5][-9],141
12a_1138,N,12,2,5,[-6][-8],79
12a_1139,N,12,2,6,[-8][-6],101
12a_1140,N,12,2,5,[-5][-9],97
12a_1141,Y,12,3,5,[-4][-10],167
12a_1142,N,12,3,5,[-6][-8],99
12a_1143,N,12,3,6,[-6][-8],205
12a_1144,N,12,3,6,[-8][-6],129
12a_1145,N,12,2,4,[-3][-11],79
12a_1146,N,12,2,5,[-5][-9],117
12a_1147,N,12,3,4,[-3][-11],123
12a_1148,N,12,2,5,[-5][-9],73
12a_1149,N,12,2,6,[-7][-7],35
12a_1150,Y,12,3,5,[-7][-7],197
12a_1151,N,12,3,6,[-9][-5],135
12a_1152,Y,12,3,5,[-7][-7],325
12a_1153,Y,12,3,5,[-1][-13],137
12a_1154,N,12,3,6,[-3][-11],195
12a_1155,N,12,3,5,[1][-15],273
12a_1156,Y,12,3,5,[-1][-13],205
12a_1157,N,12,2,4,[1][-15],39
12a_1158,N,12,2,5,[-1][-13],77
12a_1159,N,12,2,5,[-1][-13],113
12a_1160,N,12,3,6,[-3][-11],111
12a_1161,N,12,2,6,[-3][-11],75
12a_1162,N,12,2,5,[-1][-13],69
12a_1163,N,12,2,6,[-3][-11],103
12a_1164,N,12,3,5,[-1][-13],105
12a_1165,N,12,2,6,[-3][-11],67
12a_1166,N,12,2,7,[-5][-9],33
12a_1167,Y,12,3,5,[-7][-7],313
12a_1168,Y,12,3,3,[-10][-4],155
12a_1169,N,12,3,4,[-8][-6],137
12a_1170,N,12,3,4,[-8][-6],153
12a_1171,N,12,3,5,[-6][-8],115
12a_1172,N,12,3,4,[-8][-6],221
12a_1173,N,12,3,6,[-3][-11],231
12a_1174,N,12,3,4,[-6][-8],145
12a_1175,N,12,3,4,[-3][-11],223
12a_1176,Y,12,3,3,[-10][-4],119
12a_1177,N,12,3,4,[-8][-6],189
12a_1178,N,12,3,4,[-8][-6],161
12a_1179,N,12,3,5,[-6][-8],91
12a_1180,N,12,3,4,[-6][-8],165
12a_1181,N,12,3,5,[-4][-10],135
12a_1182,N,12,3,4,[-3][-11],187
12a_1183,N,12,3,5,[-1][-13],121
12a_1184,N,12,3,4,[0][-14],177
12a_1185,N,12,3,5,[-2][-12],235
12a_1186,N,12,3,4,[0][-14],245
12a_1187,N,12,3,4,[-11][-3],303
12a_1188,Y,12,3,5,[-7][-7],353
12a_1189,N,12,3,5,[-2][-12],267
12a_1190,Y,12,3,5,[-4][-10],279
12a_1191,Y,12,3,3,[-13][-1],153
12a_1192,N,12,3,4,[-11][-3],227
12a_1193,N,12,3,4,[-11][-3],323
12a_1194,N,12,3,4,[-9][-5],175
12a_1195,Y,12,3,5,[-4][-10],239
12a_1196,N,12,3,4,[-6][-8],297
12a_1197,N,12,3,4,[-6][-8],237
12a_1198,N,12,3,5,[-4][-10],223
12a_1199,Y,12,3,3,[-7][-7],185
12a_1200,N,12,3,4,[-9][-5],195
12a_1201,N,12,3,4,[-6][-8],213
12a_1202,N,12,3,7,[-7][-7],169
12a_1203,Y,12,3,3,[-10][-4],143
12a_1204,N,12,3,4,[-8][-6],149
12a_1205,N,12,3,5,[-6][-8],119
12a_1206,N,12,3,5,[1][-15],245
12a_1207,N,12,3,4,[0][-14],213
12a_1208,N,12,3,5,[-2][-12],247
12a_1209,Y,12,3,3,[-7][-7],181
12a_1210,Y,12,3,3,[-13][-1],165
12a_1211,Y,12,3,3,[-7][-7],265
12a_1212,Y,12,3,3,[-4][-10],231
12a_1213,N,12,3,4,[-6][-8],253
12a_1214,Y,12,3,3,[5][-19],45
12a_1215,Y,12,3,3,[-1][-13],117
12a_1216,N,12,3,4,[-9][-5],183
12a_1217,N,12,3,5,[-7][-7],237
12a_1218,Y,12,3,3,[-7][-7],109
12a_1219,Y,12,3,3,[-10][-4],123
12a_1220,Y,12,3,3,[-16][2],91
12a_1221,Y,12,3,3,[-4][-10],195
12a_1222,Y,12,3,3,[-7][-7],205
12a_1223,Y,12,3,3,[-1][-13],137
12a_1224,N,12,3,4,[-3][-11],147
12a_1225,Y,12,3,3,[-7][-7],225
12a_1226,Y,12,3,3,[-10][-4],147
12a_1227,Y,12,3,3,[-10][-4],191
12a_1228,N,12,3,4,[-8][-6],197
12a_1229,Y,12,3,3,[-7][-7],221
12a_1230,Y,12,3,3,[-4][-10],215
12a_1231,Y,12,3,3,[-7][-7],193
12a_1232,N,12,3,4,[-5][-9],187
12a_1233,Y,12,3,3,[-1][-13],77
12a_1234,N,12,3,4,[-3][-11],127
12a_1235,Y,12,3,3,[-7][-7],133
12a_1236,N,12,3,4,[-9][-5],167
12a_1237,N,12,3,4,[-8][-6],225
12a_1238,Y,12,3,3,[-4][-10],131
12a_1239,N,12,3,4,[-6][-8],177
12a_1240,N,12,3,4,[-2][-12],97
12a_1241,N,12,3,5,[-4][-10],155
12a_1242,N,12,3,4,[1][-15],47
12a_1243,N,12,3,5,[-1][-13],85
12a_1244,N,12,3,4,[-5][-9],119
12a_1245,N,12,3,5,[-7][-7],173
12a_1246,Y,12,3,3,[-4][-10],143
12a_1247,N,12,3,4,[-2][-12],117
12a_1248,Y,12,3,3,[-10][-4],255
12a_1249,Y,12,3,3,[-7][-7],257
12a_1250,Y,12,3,3,[-7][-7],217
12a_1251,N,12,3,5,[-7][-7],265
12a_1252,N,12,3,4,[-3][-11],231
12a_1253,Y,12,3,3,[-10][-4],207
12a_1254,Y,12,3,3,[-7][-7],145
12a_1255,Y,12,3,3,[-1][-13],177
12a_1256,N,12,3,4,[-9][-5],139
12a_1257,N,12,3,4,[-3][-11],203
12a_1258,Y,12,3,3,[-7][-7],157
12a_1259,N,12,3,4,[-9][-5],143
12a_1260,Y,12,3,3,[-7][-7],153
12a_1261,N,12,3,4,[-3][-11],195
12a_1262,N,12,3,4,[-9][-5],147
12a_1263,N,12,3,5,[-10][-4],211
12a_1264,N,12,3,4,[-5][-9],127
12a_1265,N,12,3,5,[-7][-7],165
12a_1266,N,12,3,5,[-1][-13],129
12a_1267,N,12,3,5,[-7][-7],145
12a_1268,N,12,3,4,[-8][-6],221
12a_1269,N,12,3,5,[-7][-7],169
12a_1270,N,12,3,4,[-3][-11],255
12a_1271,N,12,3,5,[-10][-4],191
12a_1272,N,12,3,4,[-6][-8],201
12a_1273,Y,12,2,3,[-7][-7],61
12a_1274,N,12,2,4,[-9][-5],95
12a_1275,N,12,2,5,[-7][-7],149
12a_1276,N,12,2,4,[-9][-5],75
12a_1277,N,12,2,5,[-7][-7],121
12a_1278,N,12,2,5,[-11][-3],41
12a_1279,N,12,2,6,[-9][-5],67
12a_1280,Y,12,3,5,[-7][-7],241
12a_1281,N,12,2,5,[-7][-7],109
12a_1282,N,12,2,6,[-9][-5],63
12a_1283,Y,12,3,3,[-7][-7],81
12a_1284,N,12,3,4,[-9][-5],123
12a_1285,N,12,3,4,[-9][-5],87
12a_1286,N,12,3,5,[-11][-3],45
12a_1287,N,12,2,7,[-7][-7],37
12a_1288,Y,12,3,3,[-7][-7],117
12n_1,Y,12,3,5,[-3][-8],57
12n_2,Y,12,3,5,[-4][-8],83
12n_3,Y,12,3,5,[-8][-4],73
12n_4,Y,12,3,5,[-5][-7],81
12n_5,Y,12,3,5,[-12][0],87
12n_6,Y,12,3,5,[-1][-10],45
12n_7,Y,12,3,5,[-6][-5],39
12n_8,Y,12,3,5,[-1][-11],61
12n_9,Y,12,3,5,[-11][-1],71
12n_10,Y,12,3,5,[-7][-4],39
12n_11,N,12,3,6,[-5][-7],61
12n_12,N,12,3,6,[-3][-9],79
12n_13,Y,12,3,6,[-9][-3],29
12n_14,Y,12,3,5,[-5][-7],89
12n_15,Y,12,3,5,[-11][-1],111
12n_16,Y,12,3,5,[-1][-11],21
12n_17,Y,12,3,5,[-9][-3],91
12n_18,Y,12,3,6,[-7][-5],109
12n_19,Y,12,3,6,[-5][-7],1
12n_20,Y,12,3,4,[-7][-4],47
12n_21,N,12,3,5,[-1][-11],119
12n_22,Y,12,3,5,[-7][-5],141
12n_23,N,12,3,5,[-5][-7],9
12n_24,Y,12,3,4,[-4][-7],49
12n_25,Y,12,3,5,[-5][-5],11
12n_26,N,12,3,5,[-4][-8],97
12n_27,Y,12,3,5,[-4][-8],123
12n_28,N,12,3,5,[-8][-4],33
12n_29,N,12,3,5,[-1][-11],119
12n_30,Y,12,3,5,[-7][-5],141
12n_31,N,12,3,5,[-5][-7],9
12n_32,N,12,3,5,[-4][-8],97
12n_33,Y,12,3,5,[-4][-8],123
12n_34,N,12,3,5,[-8][-4],33
12n_35,Y,12,3,5,[-5][-7],69
12n_36,Y,12,3,5,[-11][-1],91
12n_37,Y,12,3,5,[-1][-11],41
12n_38,Y,12,3,5,[-8][-4],67
12n_39,Y,12,3,5,[-8][-4],93
12n_40,Y,12,3,5,[-4][-8],63
12n_41,Y,12,3,5,[-6][-5],19
12n_42,Y,12,3,5,[-1][-11],59
12n_43,Y,12,3,5,[-7][-5],81
12n_44,Y,12,3,5,[-5][-7],51
12n_45,Y,12,3,5,[-3][-8],37
12n_46,N,12,3,6,[-3][-9],41
12n_47,N,12,3,6,[-5][-7],59
12n_48,N,12,3,6,[-7][-5],49
12n_49,N,12,3,6,[-5][-7],81
12n_50,N,12,3,6,[-3][-9],99
12n_51,N,12,3,6,[-9][-3],9
12n_52,Y,12,3,5,[-10][-2],123
12n_53,N,12,3,5,[-3][-8],57
12n_54,Y,12,3,4,[-10][-1],29
12n_55,N,12,4,5,[-1][-11],111
12n_56,N,12,4,5,[-8][-4],9
12n_57,N,12,4,5,[-8][-4],9
12n_58,N,12,4,5,[-15][3],129
12n_59,Y,12,4,5,[3][-15],21
12n_60,Y,12,4,5,[-4][-8],99
12n_61,Y,12,4,5,[-4][-8],99
12n_62,N,12,4,5,[-4][-8],81
12n_63,N,12,4,5,[-11][-1],39
12n_64,Y,12,4,5,[-1][-11],69
12n_65,N,12,3,5,[-8][-3],31
12n_66,N,12,4,5,[-4][-8],81
12n_67,Y,12,4,5,[-14][3],51
12n_68,Y,12,3,5,[3][-14],35
12n_69,Y,12,3,5,[-4][-8],73
12n_70,Y,12,3,5,[-1][-11],79
12n_71,Y,12,3,5,[-4][-8],59
12n_72,Y,12,3,5,[3][-15],97
12n_73,Y,12,3,5,[-8][-4],55
12n_74,N,12,3,4,[7][-19],49
12n_75,N,12,3,4,[-8][-4],83
12n_76,Y,12,3,4,[3][-15],53
12n_77,N,12,3,5,[5][-17],43
12n_78,N,12,3,5,[-6][-6],65
12n_79,Y,12,3,5,[1][-13],23
12n_80,N,12,3,4,[-12][0],67
12n_81,N,12,3,4,[3][-15],101
12n_82,N,12,3,5,[-8][-4],35
12n_83,N,12,3,5,[1][-13],105
12n_84,N,12,3,4,[-4][-8],63
12n_85,N,12,3,5,[-8][-3],65
12n_86,N,12,3,5,[-1][-11],103
12n_87,N,12,3,5,[-4][-8],49
12n_88,N,12,3,4,[5][-17],119
12n_89,Y,12,3,4,[3][-14],43
12n_90,Y,12,3,4,[-12][0],77
12n_91,Y,12,3,4,[7][-19],59
12n_92,Y,12,3,4,[-6][-6],109
12n_93,Y,12,3,5,[3][-15],11
12n_94,N,12,3,5,[1][-13],73
12n_95,N,12,3,5,[-10][-2],95
12n_96,N,12,3,5,[5][-17],7
12n_97,Y,12,3,5,[-8][-3],41
12n_98,Y,12,3,5,[0][-12],93
12n_99,N,12,3,5,[-1][-11],135
12n_100,N,12,3,5,[5][-17],111
12n_101,Y,12,3,5,[-6][-6],141
12n_102,Y,12,3,5,[1][-13],21
12n_103,Y,12,3,4,[3][-15],47
12n_104,Y,12,3,4,[-12][0],73
12n_105,Y,12,3,4,[7][-19],31
12n_106,Y,12,3,4,[-6][-6],81
12n_107,Y,12,3,4,[3][-15],39
12n_108,N,12,3,5,[1][-13],69
12n_109,N,12,3,5,[-10][-2],99
12n_110,N,12,3,5,[5][-17],21
12n_111,N,12,3,5,[-4][-8],91
12n_112,N,12,3,5,[1][-13],77
12n_113,Y,12,3,3,[-14][2],53
12n_114,Y,12,3,3,[5][-17],67
12n_115,Y,12,3,4,[-10][-2],11
12n_116,N,12,3,4,[-12][0],71
12n_117,N,12,3,4,[3][-15],97
12n_118,N,12,3,5,[-8][-4],7
12n_119,Y,12,3,4,[-1][-10],17
12n_120,Y,12,3,4,[-12][1],19
12n_121,Y,12,3,4,[-10][0],1
12n_122,Y,12,3,5,[-4][-8],107
12n_123,N,12,3,5,[3][-15],145
12n_124,N,12,3,5,[-8][-4],7
12n_125,Y,12,3,5,[0][-12],93
12n_126,N,12,3,5,[-1][-11],135
12n_127,Y,12,3,5,[-4][-8],107
12n_128,N,12,3,5,[3][-15],145
12n_129,N,12,3,5,[-8][-4],7
12n_130,N,12,3,5,[-8][-3],65
12n_131,N,12,3,5,[-1][-11],103
12n_132,N,12,3,5,[-4][-8],49
12n_133,N,12,3,4,[5][-17],119
12n_134,Y,12,3,4,[3][-14],43
12n_135,Y,12,3,4,[-12][0],77
12n_136,Y,12,3,4,[7][-19],59
12n_137,Y,12,3,4,[-6][-6],109
12n_138,Y,12,3,5,[3][-15],11
12n_139,Y,12,3,5,[-1][-10],69
12n_140,Y,12,3,5,[0][-12],111
12n_141,Y,12,3,5,[-5][-7],57
12n_142,Y,12,3,5,[-4][-7],43
12n_143,Y,12,3,5,[-1][-10],13
12n_144,Y,12,3,5,[-11][-1],75
12n_145,Y,12,3,5,[-9][-2],25
12n_146,N,12,3,5,[-12][1],47
12n_147,N,12,3,4,[-4][-8],75
12n_148,Y,12,3,4,[-16][5],17
12n_149,N,12,3,5,[-14][3],5
12n_150,Y,12,3,5,[0][-12],57
12n_151,Y,12,3,5,[-1][-11],99
12n_152,Y,12,3,5,[-4][-8],69
12n_153,N,12,3,4,[7][-18],13
12n_154,N,12,3,4,[-8][-4],47
12n_155,N,12,3,4,[3][-15],89
12n_156,Y,12,3,5,[-1][-10],33
12n_157,Y,12,3,5,[0][-12],75
12n_158,Y,12,3,5,[-5][-7],93
12n_159,N,12,3,4,[-12][0],55
12n_160,Y,12,3,5,[-8][-4],53
12n_161,Y,12,3,5,[-1][-11],91
12n_162,Y,12,3,5,[-4][-8],61
12n_163,Y,12,3,5,[3][-15],47
12n_164,Y,12,3,5,[-4][-8],85
12n_165,Y,12,3,5,[-1][-11],67
12n_166,N,12,3,4,[7][-19],41
12n_167,N,12,3,4,[-8][-4],67
12n_168,Y,12,3,4,[3][-15],37
12n_169,N,12,3,5,[5][-17],51
12n_170,N,12,3,5,[-6][-6],81
12n_171,N,12,3,5,[1][-13],39
12n_172,Y,12,3,5,[3][-14],23
12n_173,Y,12,3,5,[-4][-8],123
12n_174,Y,12,3,5,[-5][-7],165
12n_175,Y,12,3,5,[0][-12],3
12n_176,N,12,3,5,[1][-12],63
12n_177,N,12,3,5,[5][-17],79
12n_178,Y,12,3,5,[-6][-6],101
12n_179,Y,12,3,5,[1][-13],13
12n_180,N,12,3,4,[-7][-5],97
12n_181,N,12,3,4,[-4][-8],83
12n_182,Y,12,3,5,[-4][-8],71
12n_183,Y,12,3,5,[3][-15],109
12n_184,Y,12,3,5,[-8][-4],43
12n_185,Y,12,3,4,[3][-15],55
12n_186,Y,12,3,4,[-12][0],89
12n_187,Y,12,3,4,[7][-19],47
12n_188,Y,12,3,4,[0][-12],65
12n_189,Y,12,3,4,[-3][-9],79
12n_190,Y,12,3,3,[-14][2],65
12n_191,Y,12,3,3,[5][-17],79
12n_192,Y,12,3,4,[-10][-2],23
12n_193,N,12,3,4,[-12][0],59
12n_194,N,12,3,4,[3][-15],85
12n_195,N,12,3,5,[-8][-4],19
12n_196,N,12,3,5,[-1][-10],37
12n_197,N,12,3,5,[-2][-10],107
12n_198,Y,12,3,5,[-5][-6],27
12n_199,Y,12,3,4,[-12][1],11
12n_200,N,12,3,5,[-10][-1],9
12n_201,N,12,3,5,[1][-13],105
12n_202,N,12,3,5,[-10][-2],135
12n_203,N,12,3,5,[5][-17],15
12n_204,Y,12,3,5,[1][-13],93
12n_205,Y,12,3,5,[-1][-11],77
12n_206,Y,12,3,5,[-8][-4],115
12n_207,Y,12,3,5,[3][-15],37
12n_208,N,12,3,4,[-12][0],103
12n_209,N,12,3,4,[3][-15],137
12n_210,N,12,3,5,[-8][-4],1
12n_211,Y,12,3,5,[-4][-7],51
12n_212,N,12,3,4,[-12][0],103
12n_213,N,12,3,4,[3][-15],137
12n_214,N,12,3,5,[-8][-4],1
12n_215,N,12,3,5,[1][-13],61
12n_216,N,12,3,5,[-10][-2],83
12n_217,N,12,3,5,[5][-17],5
12n_218,Y,12,3,5,[-8][-3],29
12n_219,Y,12,4,5,[-4][-8],99
12n_220,Y,12,4,5,[3][-15],21
12n_221,N,12,4,5,[-4][-8],9
12n_222,N,12,4,5,[3][-15],129
12n_223,N,12,4,5,[-1][-11],111
12n_224,N,12,4,5,[-8][-4],81
12n_225,N,12,4,5,[-1][-11],39
12n_226,Y,12,3,5,[-1][-11],77
12n_227,Y,12,3,5,[-8][-4],115
12n_228,Y,12,3,5,[3][-15],37
12n_229,Y,12,4,5,[3][-14],51
12n_230,Y,12,3,6,[-3][-9],19
12n_231,N,12,3,5,[-11][-1],31
12n_232,N,12,3,5,[-11][-1],31
12n_233,Y,12,3,3,[-14][2],29
12n_234,Y,12,3,3,[5][-17],43
12n_235,Y,12,3,3,[-10][-2],13
12n_236,N,12,3,4,[-12][0],47
12n_237,N,12,3,4,[3][-15],73
12n_238,N,12,3,4,[-8][-4],31
12n_239,N,12,3,4,[-12][0],43
12n_240,N,12,3,4,[3][-15],77
12n_241,N,12,3,4,[-8][-4],59
12n_242,Y,12,3,3,[9][-18],1
12n_243,N,12,3,4,[7][-17],5
12n_244,N,12,3,4,[7][-18],25
12n_245,N,12,3,5,[5][-16],39
12n_246,N,12,3,5,[-6][-6],69
12n_247,N,12,3,5,[1][-13],51
12n_248,N,12,3,5,[-10][-2],25
12n_249,N,12,3,5,[1][-13],47
12n_250,N,12,3,5,[-6][-6],41
12n_251,N,12,3,5,[5][-16],19
12n_252,N,12,3,5,[-8][-4],89
12n_253,N,12,3,4,[-10][0],55
12n_254,N,12,3,4,[3][-13],65
12n_255,N,12,3,5,[-1][-11],127
12n_256,N,12,3,5,[-4][-8],25
12n_257,N,12,3,4,[-7][-4],25
12n_258,N,12,3,5,[-5][-6],15
12n_259,N,12,3,4,[5][-17],95
12n_260,N,12,3,5,[-10][-1],21
12n_261,Y,12,4,5,[-1][-11],69
12n_262,N,12,3,5,[-8][-4],89
12n_263,N,12,3,5,[-1][-11],127
12n_264,N,12,3,5,[-4][-8],25
12n_265,N,12,3,5,[-5][-6],63
12n_266,N,12,3,5,[-4][-8],105
12n_267,N,12,3,5,[-1][-11],63
12n_268,N,12,3,6,[-7][-5],9
12n_269,Y,12,3,5,[-6][-6],117
12n_270,N,12,3,5,[-12][1],63
12n_271,Y,12,3,5,[-8][-3],53
12n_272,Y,12,3,5,[-11][-1],83
12n_273,Y,12,3,5,[-1][-10],5
12n_274,N,12,3,5,[-3][-8],55
12n_275,N,12,3,5,[-8][-3],37
12n_276,Y,12,3,4,[-16][5],25
12n_277,N,12,3,4,[-4][-8],67
12n_278,N,12,3,5,[-6][-6],65
12n_279,N,12,3,5,[-3][-8],25
12n_280,Y,12,3,5,[-1][-9],51
12n_281,Y,12,3,5,[-5][-7],77
12n_282,Y,12,3,5,[-9][-2],21
12n_283,Y,12,3,5,[-4][-8],87
12n_284,Y,12,3,4,[-4][-7],57
12n_285,Y,12,3,5,[-1][-9],39
12n_286,N,12,3,5,[-3][-8],45
12n_287,Y,12,3,5,[-9][-3],111
12n_288,N,12,3,5,[-4][-8],49
12n_289,N,12,3,5,[5][-17],91
12n_290,Y,12,3,4,[3][-15],69
12n_291,N,12,3,4,[-10][-2],99
12n_292,N,12,3,4,[7][-19],1
12n_293,N,12,3,4,[3][-13],7
12n_294,Y,12,3,5,[-1][-11],45
12n_295,Y,12,3,5,[-11][-1],107
12n_296,Y,12,3,5,[-1][-10],37
12n_297,N,12,3,6,[-3][-9],95
12n_298,Y,12,3,5,[-5][-7],89
12n_299,N,12,3,5,[1][-13],85
12n_300,Y,12,3,5,[-8][-4],77
12n_301,Y,12,3,5,[-4][-8],67
12n_302,Y,12,3,5,[-3][-9],111
12n_303,Y,12,3,4,[3][-15],41
12n_304,N,12,3,4,[-10][-2],71
12n_305,N,12,3,4,[7][-19],29
12n_306,N,12,3,5,[1][-13],35
12n_307,N,12,3,5,[-8][-4],77
12n_308,N,12,3,5,[5][-17],63
12n_309,Y,12,3,4,[-4][-6],1
12n_310,N,12,3,5,[-3][-8],21
12n_311,N,12,3,5,[-8][-3],51
12n_312,Y,12,3,5,[-3][-8],49
12n_313,N,12,3,5,[-6][-5],1
12n_314,Y,12,3,4,[-7][-4],55
12n_315,Y,12,3,4,[-7][-4],61
12n_316,Y,12,3,4,[3][-15],65
12n_317,N,12,3,4,[-7][-5],85
12n_318,Y,12,3,4,[-8][-2],1
12n_319,N,12,3,4,[-1][-11],41
12n_320,N,12,3,4,[-7][-5],109
12n_321,N,12,3,4,[3][-13],11
12n_322,N,12,3,5,[-5][-6],23
12n_323,N,12,3,4,[-6][-4],53
12n_324,N,12,3,5,[-3][-9],67
12n_325,N,12,3,4,[-5][-7],113
12n_326,Y,12,3,4,[0][-11],53
12n_327,Y,12,3,4,[-12][0],61
12n_328,Y,12,3,4,[7][-17],19
12n_329,Y,12,3,4,[-16][5],21
12n_330,N,12,3,4,[-2][-10],87
12n_331,N,12,3,5,[-10][-1],45
12n_332,N,12,3,5,[-14][3],9
12n_333,N,12,3,5,[-4][-8],45
12n_334,N,12,3,5,[-9][-3],63
12n_335,N,12,3,4,[-2][-10],95
12n_336,Y,12,3,5,[-11][-1],5
12n_337,Y,12,3,5,[-9][-3],103
12n_338,N,12,3,4,[7][-18],25
12n_339,N,12,3,4,[-2][-10],95
12n_340,Y,12,3,4,[-1][-9],17
12n_341,N,12,3,5,[5][-17],67
12n_342,N,12,3,5,[-4][-8],53
12n_343,N,12,3,5,[-1][-11],59
12n_344,Y,12,3,3,[-14][2],77
12n_345,Y,12,3,3,[-1][-11],67
12n_346,Y,12,3,4,[-4][-8],13
12n_347,Y,12,3,4,[-12][1],31
12n_348,Y,12,3,5,[-11][-1],79
12n_349,Y,12,3,5,[-12][1],13
12n_350,Y,12,3,5,[-11][-1],103
12n_351,Y,12,3,5,[-5][-6],31
12n_352,Y,12,3,5,[-5][-6],7
12n_353,Y,12,3,5,[-11][-1],103
12n_354,Y,12,3,5,[-7][-4],23
12n_355,Y,12,3,5,[-9][-2],11
12n_356,Y,12,3,5,[-5][-5],61
12n_357,Y,12,3,5,[-3][-9],99
12n_358,N,12,3,4,[-9][-1],43
12n_359,N,12,3,6,[-7][-5],69
12n_360,N,12,3,5,[-3][-8],49
12n_361,N,12,3,5,[1][-13],73
12n_362,Y,12,3,4,[-7][-4],31
12n_363,Y,12,3,5,[-11][-1],87
12n_364,N,12,3,5,[-4][-8],99
12n_365,N,12,3,5,[-8][-4],99
12n_366,Y,12,3,4,[-16][5],29
12n_367,Y,12,3,5,[-6][-6],125
12n_368,Y,12,3,4,[3][-14],27
12n_369,Y,12,3,4,[-3][-9],75
12n_370,Y,12,3,4,[-1][-9],5
12n_371,Y,12,3,4,[-2][-8],11
12n_372,Y,12,3,4,[1][-12],43
12n_373,Y,12,3,4,[3][-15],77
12n_374,N,12,3,4,[7][-18],11
12n_375,Y,12,3,4,[3][-13],57
12n_376,Y,12,3,4,[-3][-9],91
12n_377,Y,12,3,4,[-7][-4],39
12n_378,N,12,3,4,[-10][-2],107
12n_379,N,12,3,4,[-12][0],63
12n_380,N,12,3,4,[-5][-7],81
12n_381,N,12,3,5,[1][-12],59
12n_382,N,12,3,5,[-3][-8],19
12n_383,N,12,3,5,[1][-12],51
12n_384,N,12,3,5,[1][-13],113
12n_385,Y,12,3,4,[-4][-7],73
12n_386,N,12,3,4,[7][-18],9
12n_387,Y,12,3,5,[3][-14],27
12n_388,Y,12,3,5,[-3][-8],45
12n_389,Y,12,3,5,[-1][-11],99
12n_390,Y,12,3,4,[-4][-7],59
12n_391,N,12,3,5,[-10][-2],115
12n_392,Y,12,3,5,[-3][-9],99
12n_393,N,12,3,5,[-9][-2],49
12n_394,N,12,3,5,[-5][-6],25
12n_395,Y,12,3,5,[-12][1],77
12n_396,Y,12,3,5,[-7][-4],67
12n_397,Y,12,3,5,[-8][-3],49
12n_398,Y,12,3,5,[-12][1],21
12n_399,Y,12,3,5,[-8][-4],81
12n_400,Y,12,3,5,[-11][-1],95
12n_401,Y,12,3,5,[-1][-11],87
12n_402,Y,12,3,4,[-16][5],9
12n_403,Y,12,3,4,[-9][-1],9
12n_404,N,12,3,5,[-14][3],3
12n_405,Y,12,3,5,[0][-12],73
12n_406,N,12,3,5,[5][-17],83
12n_407,Y,12,3,4,[3][-13],37
12n_408,Y,12,3,5,[-8][-4],101
12n_409,Y,12,3,4,[-12][1],39
12n_410,N,12,3,5,[-2][-10],111
12n_411,N,12,3,5,[-10][-1],19
12n_412,N,12,3,4,[-10][-2],75
12n_413,N,12,3,4,[-4][-8],75
12n_414,N,12,3,5,[-8][-3],25
12n_415,N,12,3,4,[-2][-10],103
12n_416,Y,12,3,4,[0][-12],77
12n_417,Y,12,3,3,[7][-18],35
12n_418,Y,12,3,4,[3][-14],19
12n_419,Y,12,3,4,[3][-14],3
12n_420,Y,12,3,5,[-4][-8],81
12n_421,N,12,3,5,[-7][-5],117
12n_422,N,12,3,5,[-5][-7],117
12n_423,Y,12,3,5,[-8][-4],15
12n_424,Y,12,3,4,[-3][-9],95
12n_425,Y,12,3,4,[-11][0],33
12n_426,Y,12,3,4,[7][-17],15
12n_427,Y,12,3,4,[0][-12],113
12n_428,Y,12,3,4,[3][-14],31
12n_429,N,12,3,5,[-12][1],71
12n_430,N,12,3,5,[-8][-3],1
12n_431,Y,12,3,5,[-5][-7],101
12n_432,N,12,3,5,[-14][3],17
12n_433,Y,12,3,5,[-12][1],11
12n_434,Y,12,3,5,[-8][-3],65
12n_435,Y,12,3,5,[-8][-3],57
12n_436,Y,12,3,5,[-12][1],29
12n_437,Y,12,3,5,[-6][-6],29
12n_438,Y,12,3,4,[-1][-9],21
12n_439,Y,12,3,4,[-8][-2],3
12n_440,N,12,3,4,[-7][-5],81
12n_441,Y,12,3,4,[3][-15],93
12n_442,N,12,3,5,[-3][-8],39
12n_443,N,12,3,4,[-6][-4],33
12n_444,N,12,3,5,[-5][-6],27
12n_445,N,12,3,5,[1][-13],129
12n_446,Y,12,3,5,[-1][-10],7
12n_447,N,12,3,4,[-7][-5],73
12n_448,Y,12,3,5,[-7][-5],109
12n_449,Y,12,3,5,[-5][-6],35
12n_450,Y,12,3,5,[-1][-11],95
12n_451,Y,12,3,4,[-10][0],35
12n_452,N,12,3,4,[-1][-9],55
12n_453,N,12,3,5,[5][-17],115
12n_454,Y,12,3,4,[-12][1],47
12n_455,N,12,3,4,[1][-13],97
12n_456,Y,12,3,5,[-6][-6],17
12n_457,N,12,3,5,[-10][-1],11
12n_458,Y,12,3,5,[-5][-7],129
12n_459,Y,12,3,5,[0][-12],105
12n_460,Y,12,3,5,[-8][-4],63
12n_461,Y,12,3,5,[-8][-4],85
12n_462,Y,12,3,5,[-5][-5],25
12n_463,Y,12,3,5,[-8][-4],77
12n_464,N,12,3,4,[-1][-10],15
12n_465,Y,12,3,5,[-4][-8],83
12n_466,Y,12,3,3,[-14][2],53
12n_467,Y,12,3,3,[-1][-11],43
12n_468,Y,12,3,3,[-4][-8],37
12n_469,N,12,3,4,[-12][0],55
12n_470,N,12,3,4,[-3][-9],41
12n_471,N,12,3,4,[-2][-10],71
12n_472,Y,12,3,3,[9][-20],13
12n_473,N,12,3,4,[7][-18],1
12n_474,N,12,3,4,[7][-18],17
12n_475,Y,12,3,4,[-4][-6],7
12n_476,N,12,3,4,[1][-13],73
12n_477,N,12,3,5,[5][-16],43
12n_478,N,12,3,5,[-3][-8],29
12n_479,N,12,3,5,[-1][-11],83
12n_480,Y,12,3,5,[-5][-7],81
12n_481,Y,12,3,5,[-5][-7],65
12n_482,Y,12,3,4,[-4][-7],65
12n_483,N,12,3,4,[-4][-7],15
12n_484,Y,12,3,4,[-4][-7],51
12n_485,N,12,3,4,[-4][-8],71
12n_486,N,12,3,4,[-8][-4],55
12n_487,Y,12,3,4,[1][-11],11
12n_488,Y,12,3,4,[-4][-6],5
12n_489,N,12,3,5,[-2][-10],119
12n_490,N,12,3,5,[-6][-6],77
12n_491,Y,12,3,5,[-8][-4],69
12n_492,N,12,3,4,[-5][-7],89
12n_493,N,12,3,4,[-7][-5],93
12n_494,Y,12,3,5,[-1][-10],45
12n_495,Y,12,3,5,[-8][-4],27
12n_496,Y,12,3,5,[3][-15],117
12n_497,Y,12,3,5,[-6][-6],105
12n_498,N,12,3,5,[-3][-9],79
12n_499,Y,12,3,5,[-8][-3],45
12n_500,N,12,3,4,[-10][-2],51
12n_501,N,12,3,5,[-8][-4],49
12n_502,N,12,3,4,[7][-17],9
12n_503,N,12,3,5,[5][-16],35
12n_504,Y,12,3,5,[-7][-5],121
12n_505,Y,12,3,5,[-11][-1],99
12n_506,Y,12,3,5,[-5][-7],59
12n_507,Y,12,3,5,[-11][-1],75
12n_508,Y,12,3,4,[0][-12],81
12n_509,Y,12,3,5,[-1][-11],49
12n_510,Y,12,3,5,[-15][3],121
12n_511,N,12,3,4,[-7][-5],85
12n_512,N,12,3,4,[-12][0],67
12n_513,N,12,3,4,[3][-15],125
12n_514,Y,12,3,4,[-12][1],35
12n_515,N,12,3,5,[1][-13],89
12n_516,N,12,3,5,[1][-13],97
12n_517,Y,12,3,4,[-6][-6],101
12n_518,Y,12,3,4,[7][-19],63
12n_519,N,12,3,5,[-8][-3],7
12n_520,N,12,3,5,[-12][1],71
12n_521,Y,12,3,5,[-4][-8],95
12n_522,Y,12,3,4,[-12][1],23
12n_523,N,12,3,5,[-10][-1],13
12n_524,N,12,3,6,[-3][-9],91
12n_525,Y,12,3,6,[-7][-5],117
12n_526,Y,12,3,4,[0][-11],29
12n_527,N,12,3,5,[1][-13],93
12n_528,Y,12,3,4,[-16][5],37
12n_529,Y,12,3,5,[-3][-9],115
12n_530,N,12,3,5,[-4][-7],83
12n_531,Y,12,3,4,[-6][-6],97
12n_532,N,12,3,5,[-7][-5],125
12n_533,Y,12,3,4,[-3][-8],63
12n_534,N,12,3,4,[-7][-5],109
12n_535,N,12,3,5,[-8][-3],27
12n_536,Y,12,3,4,[-4][-7],81
12n_537,N,12,3,5,[-4][-8],115
12n_538,Y,12,3,4,[0][-11],65
12n_539,Y,12,3,4,[-3][-9],127
12n_540,N,12,3,4,[-4][-8],91
12n_541,N,12,3,4,[-10][-2],83
12n_542,Y,12,3,5,[-10][-2],115
12n_543,Y,12,3,4,[-12][1],63
12n_544,N,12,3,4,[-2][-10],119
12n_545,N,12,3,5,[1][-13],85
12n_546,N,12,3,4,[-10][-2],63
12n_547,N,12,3,5,[-8][-4],69
12n_548,Y,12,3,4,[-7][-4],85
12n_549,Y,12,3,4,[1][-12],27
12n_550,N,12,3,5,[-9][-2],33
12n_551,N,12,3,5,[1][-13],105
12n_552,Y,12,3,5,[-8][-3],9
12n_553,N,12,4,5,[-8][-4],81
12n_554,N,12,4,6,[-9][-3],27
12n_555,Y,12,4,5,[-10][-2],135
12n_556,N,12,4,5,[-4][-8],81
12n_557,N,12,3,5,[1][-13],97
12n_558,Y,12,3,5,[-2][-10],35
12n_559,N,12,3,4,[-1][-11],53
12n_560,N,12,3,4,[-7][-5],133
12n_561,N,12,3,5,[-3][-9],55
12n_562,N,12,3,5,[-5][-7],35
12n_563,N,12,3,5,[-1][-11],71
12n_564,N,12,3,5,[-12][1],39
12n_565,N,12,3,4,[-11][-1],45
12n_566,N,12,3,5,[-9][-3],63
12n_567,N,12,3,4,[-7][-5],117
12n_568,N,12,3,4,[-4][-8],107
12n_569,N,12,3,4,[-10][-2],83
12n_570,Y,12,3,3,[-14][2],45
12n_571,Y,12,3,3,[-7][-5],27
12n_572,N,12,3,4,[-12][0],63
12n_573,N,12,3,4,[-5][-7],57
12n_574,Y,12,3,3,[9][-20],9
12n_575,N,12,3,4,[7][-18],3
12n_576,N,12,3,4,[7][-18],33
12n_577,Y,12,3,4,[1][-12],27
12n_578,N,12,3,4,[-5][-7],93
12n_579,Y,12,3,5,[-7][-4],9
12n_580,N,12,3,5,[-8][-4],65
12n_581,N,12,3,5,[5][-16],27
12n_582,Y,12,3,5,[-1][-10],9
12n_583,N,12,3,5,[-3][-9],63
12n_584,Y,12,3,5,[-3][-9],91
12n_585,N,12,3,5,[5][-16],55
12n_586,Y,12,3,5,[-6][-6],101
12n_587,Y,12,3,5,[-6][-6],117
12n_588,N,12,3,4,[-7][-5],85
12n_589,N,12,3,4,[3][-15],113
12n_590,Y,12,3,4,[3][-14],23
12n_591,Y,12,3,4,[7][-16],7
12n_592,Y,12,3,4,[-12][0],49
12n_593,N,12,3,5,[1][-12],61
12n_594,N,12,3,4,[5][-16],13
12n_595,N,12,3,5,[-10][-2],91
12n_596,N,12,3,5,[-10][-2],95
12n_597,N,12,3,4,[-4][-8],75
12n_598,Y,12,3,5,[-3][-9],99
12n_599,Y,12,3,4,[-3][-8],55
12n_600,N,12,3,5,[5][-16],63
12n_601,Y,12,3,5,[-2][-10],27
12n_602,Y,12,3,5,[-3][-9],99
12n_603,Y,12,3,4,[3][-13],15
12n_604,Y,12,3,3,[-14][2],81
12n_605,Y,12,3,4,[-7][-5],9
12n_606,N,12,3,4,[-12][0],79
12n_607,N,12,3,4,[-10][-2],59
12n_608,N,12,3,5,[-8][-3],41
12n_609,Y,12,3,4,[0][-11],41
12n_610,Y,12,3,4,[-6][-6],65
12n_611,N,12,3,5,[-4][-8],75
12n_612,Y,12,3,5,[-1][-11],95
12n_613,Y,12,3,5,[-5][-7],117
12n_614,Y,12,3,5,[-3][-8],73
12n_615,Y,12,3,5,[-4][-8],99
12n_616,Y,12,3,5,[-8][-3],65
12n_617,Y,12,3,5,[-12][1],5
12n_618,Y,12,3,5,[-4][-8],107
12n_619,Y,12,3,5,[-12][0],85
12n_620,N,12,3,5,[-1][-11],143
12n_621,Y,12,3,5,[-12][0],95
12n_622,Y,12,3,5,[-4][-8],99
12n_623,Y,12,3,5,[-1][-10],53
12n_624,Y,12,3,4,[3][-14],13
12n_625,Y,12,3,5,[-8][-4],91
12n_626,N,12,3,5,[-15][3],153
12n_627,Y,12,3,4,[-6][-6],117
12n_628,Y,12,3,5,[-8][-4],105
12n_629,Y,12,3,5,[-9][-2],27
12n_630,Y,12,3,5,[-4][-7],15
12n_631,Y,12,3,5,[-3][-8],81
12n_632,Y,12,3,5,[-9][-3],147
12n_633,N,12,3,4,[-7][-5],97
12n_634,Y,12,3,5,[-5][-6],47
12n_635,Y,12,3,5,[-7][-5],157
12n_636,Y,12,3,5,[-4][-8],81
12n_637,N,12,3,5,[-1][-11],135
12n_638,N,12,3,4,[5][-16],15
12n_639,Y,12,3,4,[3][-14],35
12n_640,Y,12,3,3,[7][-18],27
12n_641,Y,12,3,4,[-12][0],69
12n_642,Y,12,4,5,[-14][3],27
12n_643,N,12,3,5,[1][-12],49
12n_644,N,12,3,4,[5][-16],7
12n_645,N,12,3,5,[-10][-2],71
12n_646,Y,12,3,4,[-3][-9],103
12n_647,Y,12,3,3,[7][-18],23
12n_648,Y,12,3,4,[3][-14],11
12n_649,Y,12,3,4,[0][-11],77
12n_650,N,12,3,4,[-4][-7],17
12n_651,N,12,3,5,[-1][-11],119
12n_652,Y,12,3,4,[-3][-9],139
12n_653,Y,12,3,4,[3][-14],39
12n_654,N,12,3,5,[1][-12],45
12n_655,N,12,3,4,[5][-16],3
12n_656,N,12,3,5,[-10][-2],99
12n_657,Y,12,3,4,[-6][-6],81
12n_658,Y,12,3,4,[0][-12],89
12n_659,N,12,3,5,[1][-12],73
12n_660,Y,12,3,4,[-16][5],45
12n_661,N,12,3,5,[-1][-10],29
12n_662,N,12,3,5,[-4][-7],59
12n_663,Y,12,3,5,[-4][-8],115
12n_664,Y,12,3,5,[-7][-5],165
12n_665,N,12,3,5,[-11][-1],39
12n_666,Y,12,3,3,[2][-14],81
12n_667,N,12,3,4,[0][-12],75
12n_668,Y,12,3,4,[0][-12],105
12n_669,N,12,3,5,[-2][-10],99
12n_670,Y,12,3,4,[-8][-4],25
12n_671,Y,12,3,4,[5][-17],95
12n_672,Y,12,3,5,[-10][-2],51
12n_673,Y,12,3,4,[-8][-4],5
12n_674,Y,12,3,3,[5][-17],75
12n_675,Y,12,3,3,[-4][-8],45
12n_676,N,12,3,5,[-6][-6],9
12n_677,N,12,3,4,[3][-15],89
12n_678,N,12,3,4,[-2][-10],79
12n_679,Y,12,3,3,[9][-21],25
12n_680,N,12,3,4,[7][-19],19
12n_681,Y,12,3,4,[-8][-4],25
12n_682,Y,12,3,4,[5][-17],95
12n_683,Y,12,3,3,[-14][2],89
12n_684,Y,12,3,3,[-14][2],77
12n_685,N,12,3,4,[-12][0],79
12n_686,Y,12,3,4,[0][-12],97
12n_687,N,12,3,5,[-10][-2],107
12n_688,Y,12,3,3,[9][-21],37
12n_689,N,12,3,4,[7][-19],7
12n_690,Y,12,3,5,[-6][-6],45
12n_691,N,12,3,4,[7][-19],35
12n_692,N,12,3,4,[7][-19],35
12n_693,Y,12,3,5,[3][-15],13
12n_694,Y,12,3,4,[7][-18],35
12n_695,Y,12,3,4,[-6][-6],85
12n_696,Y,12,3,5,[3][-15],13
12n_697,Y,12,3,5,[0][-12],21
12n_698,N,12,3,4,[-15][3],109
12n_699,N,12,3,5,[-13][1],47
12n_700,N,12,3,4,[-15][3],93
12n_701,N,12,3,5,[-13][1],63
12n_702,N,12,3,4,[-7][-5],121
12n_703,Y,12,3,4,[0][-12],73
12n_704,N,12,3,5,[-8][-4],61
12n_705,Y,12,3,5,[-4][-8],109
12n_706,Y,12,3,5,[-5][-5],49
12n_707,Y,12,3,3,[-14][2],85
12n_708,Y,12,3,3,[-4][-8],49
12n_709,Y,12,3,3,[-4][-8],61
12n_710,N,12,3,4,[-2][-10],95
12n_711,Y,12,3,4,[-6][-6],113
12n_712,N,12,3,4,[-10][-2],119
12n_713,N,12,3,4,[-8][-4],91
12n_714,N,12,3,4,[-2][-10],131
12n_715,N,12,3,5,[-6][-6],89
12n_716,N,12,3,4,[-4][-8],79
12n_717,Y,12,3,4,[-12][1],51
12n_718,N,12,3,4,[-8][-4],55
12n_719,Y,12,3,4,[1][-12],55
12n_720,N,12,3,5,[1][-13],101
12n_721,Y,12,3,3,[-8][-4],25
12n_722,Y,12,3,3,[5][-17],55
12n_723,N,12,3,4,[-6][-6],19
12n_724,N,12,3,4,[3][-15],61
12n_725,Y,12,3,3,[9][-19],5
12n_726,N,12,3,5,[1][-13],63
12n_727,N,12,3,5,[-4][-8],91
12n_728,Y,12,3,4,[-3][-9],107
12n_729,N,12,3,4,[3][-13],73
12n_730,Y,12,3,4,[0][-10],47
12n_731,N,12,3,5,[-8][-4],121
12n_732,Y,12,3,5,[-1][-11],115
12n_733,N,12,3,5,[-2][-10],131
12n_734,N,12,3,4,[3][-15],85
12n_735,N,12,3,5,[1][-13],71
12n_736,N,12,3,5,[-11][-1],151
12n_737,N,12,3,4,[-3][-9],45
12n_738,N,12,3,4,[3][-15],129
12n_739,Y,12,3,4,[-11][0],13
12n_740,N,12,3,4,[-7][-5],105
12n_741,N,12,3,4,[-10][-2],95
12n_742,N,12,3,4,[-12][0],91
12n_743,N,12,3,5,[-8][-4],85
12n_744,N,12,3,5,[1][-12],69
12n_745,Y,12,3,5,[-6][-6],125
12n_746,N,12,3,5,[-10][-2],119
12n_747,Y,12,3,3,[-14][2],101
12n_748,Y,12,3,3,[-1][-11],79
12n_749,Y,12,3,3,[2][-12],7
12n_750,N,12,3,3,[5][-15],21
12n_751,Y,12,3,3,[-4][-8],69
12n_752,N,12,3,4,[-2][-10],87
12n_753,N,12,3,4,[3][-15],105
12n_754,Y,12,3,4,[-6][-6],105
12n_755,Y,12,3,5,[-1][-11],119
12n_756,N,12,3,5,[-4][-8],99
12n_757,Y,12,3,5,[-3][-9],115
12n_758,N,12,3,5,[5][-17],103
12n_759,N,12,3,5,[-1][-11],111
12n_760,N,12,3,5,[-5][-7],125
12n_761,Y,12,3,5,[-1][-10],61
12n_762,Y,12,3,5,[-1][-11],69
12n_763,Y,12,3,5,[-6][-6],149
12n_764,N,12,3,4,[5][-16],23
12n_765,N,12,3,5,[1][-13],137
12n_766,N,12,3,5,[1][-13],97
12n_767,Y,12,3,3,[-11][-1],75
12n_768,Y,12,3,4,[-9][-1],25
12n_769,N,12,3,4,[-12][0],87
12n_770,N,12,3,4,[3][-15],153
12n_771,N,12,3,4,[-12][0],103
12n_772,N,12,3,4,[-2][-10],127
12n_773,N,12,3,4,[-13][1],89
12n_774,N,12,3,5,[-11][-1],51
12n_775,Y,12,3,5,[-4][-8],131
12n_776,Y,12,3,5,[-4][-8],107
12n_777,N,12,3,4,[-9][-3],65
12n_778,N,12,3,4,[1][-13],85
12n_779,N,12,3,4,[-2][-10],111
12n_780,Y,12,3,5,[-4][-8],81
12n_781,Y,12,3,4,[-6][-6],93
12n_782,N,12,3,4,[-7][-5],81
12n_783,N,12,3,5,[-1][-11],127
12n_784,Y,12,3,5,[-4][-8],123
12n_785,N,12,3,5,[-11][-1],91
12n_786,N,12,3,5,[-2][-10],139
12n_787,Y,12,3,4,[-3][-9],71
12n_788,N,12,3,5,[-5][-7],109
12n_789,N,12,3,5,[-8][-3],89
12n_790,Y,12,3,4,[-6][-6],133
12n_791,Y,12,3,4,[0][-12],93
12n_792,Y,12,3,4,[-9][-3],79
12n_793,N,12,3,4,[1][-13],61
12n_794,N,12,3,5,[-7][-5],101
12n_795,N,12,3,5,[-1][-11],79
12n_796,N,12,3,4,[3][-15],97
12n_797,N,12,3,5,[1][-13],59
12n_798,Y,12,3,5,[-8][-3],91
12n_799,N,12,3,5,[-1][-11],135
12n_800,Y,12,3,4,[-9][-3],115
12n_801,N,12,3,4,[3][-13],19
12n_802,Y,12,3,4,[-6][-6],121
12n_803,Y,12,3,4,[0][-12],105
12n_804,Y,12,3,4,[-3][-9],95
12n_805,N,12,3,5,[-5][-7],85
12n_806,N,12,3,4,[5][-16],63
12n_807,N,12,3,4,[3][-13],57
12n_808,N,12,3,4,[-1][-10],31
12n_809,N,12,3,5,[-1][-9],15
12n_810,N,12,3,5,[-5][-6],55
12n_811,N,12,3,4,[0][-10],63
12n_812,N,12,3,4,[-4][-7],9
12n_813,N,12,3,5,[-8][-3],81
12n_814,N,12,3,5,[1][-12],95
12n_815,N,12,3,4,[-4][-7],7
12n_816,N,12,3,5,[-8][-4],113
12n_817,N,12,3,4,[-5][-7],49
12n_818,Y,12,3,5,[-3][-9],91
12n_819,N,12,3,4,[-2][-10],107
12n_820,Y,12,3,3,[-17][5],91
12n_821,Y,12,3,3,[-7][-5],35
12n_822,Y,12,3,3,[-1][-11],55
12n_823,N,12,3,4,[-15][3],105
12n_824,N,12,3,4,[-5][-7],65
12n_825,N,12,3,4,[-3][-9],45
12n_826,Y,12,3,5,[-1][-11],99
12n_827,Y,12,3,4,[-3][-9],119
12n_828,N,12,3,4,[-5][-7],109
12n_829,Y,12,3,3,[-11][-1],91
12n_830,N,12,3,3,[5][-15],17
12n_831,Y,12,3,3,[-1][-11],99
12n_832,N,12,3,4,[-13][1],105
12n_833,N,12,3,4,[-8][-4],99
12n_834,N,12,3,5,[1][-13],113
12n_835,Y,12,3,4,[-6][-4],13
12n_836,N,12,3,4,[3][-15],117
12n_837,Y,12,3,5,[-7][-5],169
12n_838,Y,12,3,5,[-1][-9],25
12n_839,Y,12,3,5,[-12][0],121
12n_840,Y,12,3,5,[-9][-3],119
12n_841,N,12,3,5,[-8][-3],81
12n_842,Y,12,3,5,[-5][-7],181
12n_843,N,12,3,5,[-2][-10],147
12n_844,N,12,3,6,[-7][-5],75
12n_845,N,12,3,4,[-4][-8],99
12n_846,N,12,3,5,[-6][-6],81
12n_847,Y,12,3,5,[-3][-8],75
12n_848,Y,12,3,4,[0][-12],85
12n_849,N,12,3,4,[3][-15],161
12n_850,Y,12,3,3,[7][-18],15
12n_851,N,12,3,4,[5][-16],5
12n_852,Y,12,3,4,[-6][-6],125
12n_853,N,12,3,4,[-7][-5],125
12n_854,N,12,3,5,[-2][-10],143
12n_855,N,12,3,4,[-7][-5],85
12n_856,N,12,3,5,[-9][-3],55
12n_857,Y,12,3,5,[-8][-4],139
12n_858,N,12,3,5,[-11][-1],111
12n_859,Y,12,3,5,[-5][-7],149
12n_860,N,12,3,4,[-10][-2],143
12n_861,N,12,3,4,[0][-12],95
12n_862,N,12,3,4,[0][-12],127
12n_863,N,12,3,4,[3][-15],145
12n_864,Y,12,3,4,[-3][-9],131
12n_865,Y,12,3,4,[-9][-3],99
12n_866,Y,12,3,4,[-6][-6],141
12n_867,N,12,3,4,[-15][3],133
12n_868,N,12,3,4,[-4][-7],33
12n_869,N,12,3,5,[-1][-11],135
12n_870,Y,12,3,5,[-3][-8],25
12n_871,Y,12,3,5,[0][-12],119
12n_872,Y,12,3,5,[-8][-4],131
12n_873,Y,12,3,5,[-5][-5],85
12n_874,Y,12,3,4,[-3][-9],123
12n_875,Y,12,3,4,[-3][-9],99
12n_876,N,12,3,5,[-5][-7],81
12n_877,Y,12,3,5,[-9][-3],155
12n_878,Y,12,3,5,[-3][-9],139
12n_879,Y,12,3,4,[-9][-3],143
12n_880,N,12,3,4,[-5][-7],133
12n_881,N,12,3,5,[3][-15],121
12n_882,Y,12,3,3,[-17][5],99
12n_883,N,12,3,4,[-2][-10],99
12n_884,N,12,3,5,[-4][-8],81
12n_885,N,12,3,5,[-5][-7],149
12n_886,N,12,3,5,[-2][-10],159
12n_887,Y,12,3,3,[2][-14],125
12n_888,Y,12,3,3,[9][-21],45